"sampling_date","temperature","pH","conductance","alkalinity","bicarbonate","turbidity","sediment_load","dissolved_oxygen","field_notes"
2005-01-05,11,8.001,450.3,NA,NA,NA,NA,NA,NA
2005-01-06,11,8.133,464,NA,NA,NA,0.0486,NA,NA
2005-01-07,11,8.183,360.1,NA,NA,NA,0.0775,NA,NA
2005-01-08,11,8.265,312.2,NA,NA,NA,0.0782,NA,NA
2005-01-10,10,8.08,304.1,NA,NA,NA,0.1563,NA,NA
2005-01-11,10,8.169,315.7,NA,NA,NA,0.0495,NA,NA
2005-01-12,10,8.155,348.3,NA,NA,NA,0.0425,NA,NA
2005-01-13,10,8.039,225.3,NA,NA,NA,0.0769,NA,NA
2005-01-14,9.5,7.956,237.3,NA,NA,NA,0.0606,NA,NA
2005-01-15,9.9,8.149,291.5,118,1.9344,NA,0.0384,NA,NA
2005-01-16,10.9,8.079,309.2,123,2.0164,NA,0.0378,NA,NA
2005-01-17,11.1,8.016,281.9,119,1.9508,NA,0.0361,NA,NA
2005-01-18,11.4,8.215,298.8,128,2.0984,NA,0.0331,NA,NA
2005-01-19,11.8,8.08,266.4,131,2.1475,NA,0.0334,NA,NA
2005-01-20,12.4,8.271,262.3,114,1.8689,NA,0.0304,NA,NA
2005-01-21,12.8,7.997,268.4,118,1.9344,NA,0.0371,NA,NA
2005-01-22,13.7,8.078,243.5,106,1.7377,NA,0.0382,NA,NA
2005-01-23,14.1,7.975,255.9,102,1.6721,NA,0.0565,NA,NA
2005-01-24,13,7.992,204.3,95,1.5574,NA,0.0632,NA,NA
2005-01-25,12.1,8.063,187.2,96,1.5738,NA,0.0672,NA,NA
2005-01-26,12.1,8.011,182.9,87,1.4262,NA,0.0627,NA,NA
2005-01-27,11,8.123,189.1,92,1.5082,NA,0.0786,NA,NA
2005-01-28,11.1,7.941,188.1,101,1.6557,NA,NA,NA,NA
2005-01-29,11.5,7.073,180.4,93,1.5246,NA,0.0553,NA,NA
2005-01-30,14.2,8.072,234.7,88,1.4426,NA,0.0405,NA,NA
2005-01-31,10.3,7.933,183.8,102,1.6721,NA,0.031,NA,NA
2005-02-01,10.6,7.917,220.9,96,1.5738,NA,0.0284,NA,NA
2005-02-02,11.1,8.146,219.8,98,1.6066,NA,0.0317,NA,NA
2005-02-03,10.9,8.181,219.5,101,1.6557,NA,0.0334,NA,NA
2005-02-04,11.3,8.137,202.3,99,1.623,NA,0.0323,NA,NA
2005-02-05,11.9,8.065,225.3,100,1.6393,NA,0.0314,NA,NA
2005-02-06,11.7,8.161,217.3,97,1.5902,NA,0.0321,NA,NA
2005-02-07,11.7,8.227,277,NA,NA,NA,0.0284,NA,NA
2005-02-08,12.6,7.974,246.8,102,1.6721,NA,0.0222,NA,NA
2005-02-09,12.9,8.213,296,102,1.6721,NA,0.0525,NA,NA
2005-02-10,13,8.266,252.7,101,1.6557,NA,0.0237,NA,NA
2005-02-11,12.1,8.102,293,110,1.8033,NA,0.0434,NA,NA
2005-02-12,11.4,8.101,211,NA,NA,NA,0.2597,NA,NA
2005-02-13,11.7,8.107,267.8,103,1.6885,NA,0.3541,NA,NA
2005-02-14,11.3,8.315,411,105,1.7213,NA,0.1298,NA,NA
2005-02-15,11.4,8.121,286.7,102,1.6721,NA,0.1342,NA,NA
2005-02-16,11,8.315,377,115,1.8852,NA,0.1936,NA,NA
2005-02-17,12.4,7.981,304.2,98,1.6066,NA,0.1652,NA,NA
2005-02-18,11.7,8.035,365,108,1.7705,382,0.1689,NA,NA
2005-02-20,12.2,8.243,292.8,96,1.5738,235,0.095,NA,NA
2005-02-21,12,8.245,485,95,1.5574,298,0.13,NA,NA
2005-02-22,12.7,8.25,342.6,97,1.5902,206,0.0968,NA,NA
2005-02-23,12.5,8.195,400,94,1.541,207,0.0897,NA,NA
2005-02-24,12.8,8.188,229,86,1.4098,200,0.0868,NA,NA
2005-02-25,11.8,8.135,270,83,1.3607,201,0.0798,NA,NA
2005-02-26,14,8.215,340,89,1.459,155,0.0431,NA,NA
2005-02-27,16,8.315,347,104,1.7049,113,0.0532,NA,NA
2005-02-28,13.6,8.217,387,108,1.7705,113,0.0395,NA,NA
2005-03-01,13,8.159,290.8,93,1.5246,122,0.0511,NA,NA
2005-03-02,13.8,8.247,340,83,1.3607,134,0.0494,NA,NA
2005-03-03,14.5,8.135,284.3,79,1.2951,118,0.0514,NA,NA
2005-03-04,14.2,8.249,366,90,1.4754,106,0.0417,NA,NA
2005-03-05,14.9,8.22,328.8,98,1.6066,92.8,0.0332,NA,NA
2005-03-06,14,8.227,304.5,93,1.5246,96.4,0.0399,NA,NA
2005-03-07,13.8,8.274,285,86,1.4098,115,0.0416,NA,NA
2005-03-08,15.5,8.328,234.5,96,1.5738,107,0.0456,NA,NA
2005-03-09,16,8.425,233,92,1.5082,103,0.0489,NA,NA
2005-03-10,15.5,8.098,223.2,96,1.5738,101,0.0436,NA,NA
2005-03-11,16.9,8.415,241,89,1.459,96.5,0.0387,NA,NA
2005-03-12,17.4,8.1,254.9,104,1.7049,110,NA,NA,NA
2005-03-14,18.6,8.462,241,NA,NA,NA,0.0301,NA,NA
2005-03-15,16.9,8.436,273,NA,NA,NA,0.0371,NA,NA
2005-03-16,15.9,8.274,282.2,106,1.7377,68.9,0.0318,NA,NA
2005-03-17,16.3,8.437,277,NA,NA,NA,0.029,NA,NA
2005-03-18,16,8.649,264.9,176,2.8852,63.2,0.0249,NA,NA
2005-03-19,16.2,8.477,268.1,109,1.7869,56.9,NA,NA,NA
2005-03-20,16.8,8.514,273,108,1.7705,56.2,0.0246,NA,NA
2005-03-21,16.3,8.473,273.5,92,1.5082,52.3,0.0221,NA,NA
2005-03-22,17.1,8.472,300.4,109,1.7869,47.8,0.02,NA,NA
2005-03-23,16.5,8.279,247.4,110,1.8033,68.5,0.0323,NA,NA
2005-03-24,16.8,8.388,239.1,95,1.5574,72.9,0.029,NA,NA
2005-03-25,16.4,8.255,275,104,1.7049,70,NA,NA,NA
2005-03-26,15.9,8.359,277,77,1.2623,68.8,0.0316,NA,NA
2005-03-27,18.1,8.425,288,99,1.623,60.8,0.0223,NA,NA
2005-03-28,16.4,8.371,311,101,1.6557,57.8,0.0216,NA,NA
2005-03-29,16.5,8.372,266.8,98,1.6066,57.8,0.0278,NA,NA
2005-03-30,17,8.517,309,100,1.6393,48.3,0.021,NA,NA
2005-03-31,17.3,8.449,276.6,102,1.6721,42.6,0.0156,NA,NA
2005-04-01,15.9,8.503,320,102,1.6721,38.1,0.0178,NA,NA
2005-04-02,17.4,8.714,297.3,101,1.6557,33.9,0.0146,NA,NA
2005-04-03,17.6,8.699,292.2,101,1.6557,30.9,0.0129,NA,NA
2005-04-04,18.1,8.905,306,102,1.6721,28.5,0.013,NA,NA
2005-04-05,17.6,8.589,298.8,98,1.6066,27.4,0.0135,NA,NA
2005-04-06,18.1,8.711,316,97,1.5902,24,0.0067027,NA,NA
2005-04-07,18.7,8.656,315.3,95,1.5574,18.9,0.0097838,NA,NA
2005-04-08,18.5,8.511,377,106,1.7377,16.4,NA,NA,NA
2005-04-09,19.1,8.945,377,NA,NA,NA,NA,NA,NA
2005-04-10,18.5,8.734,346.2,94,1.541,11.3,NA,NA,NA
2005-04-11,18.5,8.903,389,111,1.8197,10.5,NA,NA,NA
2005-04-12,19.6,9.281,391.4,97,1.5902,9.37,0.0092702,NA,NA
2005-04-13,20.2,8.377,402,70,1.1475,7.8,0.0104,NA,NA
2005-04-14,21.3,9.527,401.3,48,0.7869,8.3,0.0101,NA,NA
2005-04-15,21.2,8.437,407,104,1.7049,NA,0.0103,NA,NA
2005-04-16,22.6,8.455,417,NA,NA,NA,0.0060868,NA,NA
2005-04-17,23.3,8.498,429,NA,NA,NA,0.0063479,NA,NA
2005-04-18,22.7,8.437,417,75,1.2295,4.88,0.0054148,NA,NA
2005-04-19,21.4,9.292,431.2,55,0.9016,5.08,0.004617,NA,NA
2005-04-20,22.4,8.245,417,48,0.7869,5.91,0.0058468,NA,NA
2005-04-21,21.2,9.19,451.1,50,0.8197,6.71,0.0075188,NA,NA
2005-04-22,23.4,9.045,474,74,1.2131,8.15,0.0042073,NA,NA
2005-04-23,22.4,8.872,472,129,2.1148,7.69,0.0025487,NA,NA
2005-04-24,21.2,8.929,442.7,114,1.8689,7.53,NA,NA,NA
2005-04-25,22,8.943,473,113,1.8525,5.96,0.0038484,NA,NA
2005-04-26,21.6,8.785,486,122,2,6.01,0.00053397,NA,NA
2005-04-27,22.3,8.798,498,111,1.8197,5.81,0.0023836,NA,NA
2005-04-28,21.5,8.715,472,118,1.9344,5.8,0.0030083,NA,NA
2005-04-29,21.2,8.722,507,115,1.8852,5.6,0.0030976,NA,NA
2005-04-30,21.9,8.801,499,117,1.918,3.62,0.0015452,NA,NA
2005-05-01,22.5,8.639,549,122,2,3.67,0.0021081,NA,NA
2005-05-02,22.5,8.795,525,113,1.8525,4.01,0.0023966,NA,NA
2005-05-03,23.2,8.645,555,115,1.8852,4.83,0.0025024,NA,NA
2005-05-04,23,8.596,555,123,2.0164,5.9,0.0029654,NA,NA
2005-05-05,24,8.764,554,115,1.8852,4.99,0.0026201,NA,NA
2005-05-06,22.9,8.656,547,113,1.8525,6.21,0.0027963,NA,NA
2005-05-07,23.7,8.744,563,126,2.0656,6.62,0.0027735,NA,NA
2005-05-08,23.6,8.911,569,118,1.9344,6.52,0.0024786,NA,NA
2005-05-09,24,8.772,613,119,1.9508,7.11,0.0043469,NA,NA
2005-05-10,24.1,8.828,598,121,1.9836,NA,0.0079973,NA,NA
2005-05-11,24.2,8.921,607,NA,NA,NA,0.0072001,NA,NA
2005-05-12,23.4,8.872,592,124,2.0328,NA,0.0070946,NA,NA
2005-05-13,23.9,8.907,604,NA,NA,NA,0.005692,NA,NA
2005-05-14,23.7,8.867,598,114,1.8689,NA,0.0047941,NA,NA
2005-05-16,24.4,8.827,623,123,2.0164,NA,0.0040751,NA,NA
2005-05-17,23.7,8.738,627,127,2.082,10.1,0.0047594,NA,NA
2005-05-18,24.3,8.76,631,113,1.8525,10.1,0.0062976,NA,NA
2005-05-19,24.3,8.875,640,113,1.8525,6.72,0.0051026,NA,NA
2005-05-20,27.1,8.882,642,126,2.0656,5.98,0.0041713,NA,NA
2005-05-21,27.1,8.796,651,127.6,2.0918,5.82,0.0044768,NA,NA
2005-05-22,27.4,8.977,674,114.4,1.8754,5.22,0.0039091,NA,NA
2005-05-23,28.2,8.882,655,108,1.7705,5.8,0.0043127,NA,NA
2005-05-24,27.3,8.917,689,150,2.459,6.02,0.0042992,NA,NA
2005-05-25,29.6,8.882,669,124,2.0328,4.82,0.0029455,NA,NA
2005-05-26,28,8.837,712,121.2,1.9869,5.02,0.0034294,NA,NA
2005-05-27,28.4,8.8,680,81,1.3279,4.39,0.0028142,NA,NA
2005-05-28,28.2,8.789,689,67,1.0984,6.08,0.0031093,NA,NA
2005-05-29,27.6,8.729,699,74,1.2131,4.5,0.002286,NA,NA
2005-05-30,27.3,8.702,705,62,1.0164,6.71,NA,NA,NA
2005-05-31,29,8.801,706,113,1.8525,6.68,NA,NA,NA
2005-06-01,27.9,8.702,699,NA,NA,NA,NA,NA,NA
2005-06-02,26.9,8.717,707,112,NA,6.65,NA,NA,NA
2005-06-03,27.3,8.763,693,103,NA,5.42,NA,NA,NA
2005-06-04,26.4,8.689,704,114,NA,8.25,NA,NA,NA
2005-06-05,26.8,8.749,718,104,NA,6.24,NA,NA,NA
2005-06-06,27.1,8.534,714,112,NA,10.8,NA,NA,NA
2005-06-07,26.3,8.722,725,116,NA,9.27,NA,NA,NA
2005-06-08,27.1,8.826,717,102,NA,9.22,NA,NA,NA
2005-06-09,26.4,8.901,732,97,NA,10.3,NA,NA,NA
2005-06-10,26.2,8.744,722,94,NA,10,NA,NA,NA
2005-06-11,27.1,8.769,787,89,NA,7.38,NA,NA,NA
2005-06-12,27.1,8.78,783,92,NA,9.69,NA,NA,NA
2005-06-13,27.1,8.908,795,84,NA,8.27,NA,NA,NA
2005-06-14,27.4,8.772,759,100,NA,7.24,NA,NA,NA
2005-06-15,28.3,8.788,783,96,NA,4.37,NA,NA,NA
2005-06-16,28.6,8.761,853,92,NA,4.58,NA,NA,NA
2005-06-17,28.1,8.802,779,NA,NA,NA,NA,NA,NA
2005-06-18,28.1,8.802,791,NA,NA,NA,NA,NA,NA
2005-06-19,27.9,8.801,776,NA,NA,NA,NA,NA,NA
2005-06-20,28.3,8.821,783,NA,NA,NA,NA,NA,NA
2005-06-21,29.2,8.85,776,NA,NA,NA,NA,NA,NA
2005-06-22,NA,NA,825,NA,NA,NA,NA,NA,NA
2005-06-23,NA,NA,835,NA,NA,NA,NA,NA,NA
2005-06-24,29.1,8.872,796,NA,NA,NA,NA,NA,NA
2005-06-25,NA,NA,889,NA,NA,NA,NA,NA,NA
2005-06-26,NA,NA,890,NA,NA,NA,NA,NA,NA
2005-06-27,29.1,8.611,810,NA,NA,NA,NA,NA,NA
2005-06-28,29.2,8.728,812,NA,NA,NA,NA,NA,NA
2005-06-29,NA,NA,897,NA,NA,NA,NA,NA,NA
2005-06-30,NA,NA,892,NA,NA,NA,NA,NA,NA
2005-07-01,29.4,8.891,814,NA,NA,NA,NA,NA,NA
2005-07-02,29.1,8.767,819,NA,NA,NA,NA,NA,NA
2005-07-03,29.4,8.729,815,NA,NA,NA,NA,NA,NA
2005-07-04,NA,NA,841,NA,NA,NA,NA,NA,NA
2005-07-05,29.6,8.726,824,NA,NA,NA,NA,NA,NA
2005-07-06,NA,NA,960,NA,NA,NA,NA,NA,NA
2005-07-08,29.5,8.799,841,NA,NA,NA,NA,NA,NA
2005-07-09,NA,NA,931,NA,NA,NA,NA,NA,NA
2005-07-10,NA,NA,946,NA,NA,NA,NA,NA,NA
2005-07-12,28.9,8.821,874,NA,NA,NA,NA,NA,NA
2005-07-25,NA,8.721,NA,NA,NA,NA,NA,NA,NA
2005-07-26,31.1,8.582,NA,NA,NA,NA,NA,NA,NA
2005-07-28,30.8,8.545,NA,NA,NA,NA,NA,NA,NA
2005-07-29,NA,NA,1068,NA,NA,NA,NA,NA,NA
2005-07-30,NA,NA,1074,NA,NA,NA,NA,NA,NA
2005-07-31,NA,NA,1030,NA,NA,NA,NA,NA,NA
2005-08-01,29.9,8.602,1002,NA,NA,NA,NA,NA,NA
2005-08-02,30.2,8.569,993,NA,NA,NA,NA,NA,NA
2005-08-03,30.5,8.501,820,NA,NA,NA,NA,NA,NA
2005-08-04,31.9,8.57,770,NA,NA,NA,NA,NA,NA
2005-08-05,30.6,NA,770,NA,NA,NA,NA,NA,NA
2005-08-06,NA,NA,889,NA,NA,NA,NA,NA,NA
2005-08-07,NA,NA,881,NA,NA,NA,NA,NA,NA
2005-08-08,NA,NA,865,NA,NA,NA,NA,NA,NA
2005-08-09,NA,NA,838,NA,NA,NA,NA,NA,NA
2005-08-10,NA,NA,887,NA,NA,NA,NA,NA,NA
2005-08-11,29.6,8.956,779,NA,NA,NA,NA,NA,NA
2005-08-12,NA,NA,780,NA,NA,NA,NA,NA,NA
2005-08-13,NA,NA,810,NA,NA,NA,NA,NA,NA
2005-08-14,NA,NA,819,NA,NA,NA,NA,NA,NA
2005-08-15,29.1,8.792,780,NA,NA,NA,NA,NA,NA
2005-08-16,29.3,8.859,810,NA,NA,NA,NA,NA,NA
2005-08-17,29.5,8.905,819,NA,NA,NA,NA,NA,NA
2005-08-18,29.2,8.959,759,NA,NA,NA,NA,NA,NA
2005-08-19,29.4,9.16,770,NA,NA,NA,NA,NA,NA
2005-08-20,NA,NA,900,NA,NA,NA,NA,NA,NA
2005-08-21,NA,NA,916,NA,NA,NA,NA,NA,NA
2005-08-22,NA,NA,906,NA,NA,NA,NA,NA,NA
2005-08-23,29.4,8.872,888,NA,NA,NA,NA,NA,NA
2005-08-24,NA,NA,910,NA,NA,NA,NA,NA,NA
2005-08-25,30.2,9.011,912,NA,NA,NA,NA,NA,NA
2005-08-26,NA,NA,977,NA,NA,NA,NA,NA,NA
2005-08-27,30.1,8.925,923,NA,NA,NA,NA,NA,NA
2005-08-28,29.8,8.795,931,NA,NA,NA,NA,NA,NA
2005-08-29,NA,NA,954,NA,NA,NA,NA,NA,NA
2005-08-30,30,8.879,940,NA,NA,NA,NA,NA,NA
2005-08-31,NA,NA,943,NA,NA,NA,NA,NA,NA
2005-09-02,NA,NA,924,NA,NA,NA,NA,NA,NA
2005-09-05,NA,NA,953,NA,NA,NA,NA,NA,NA
2005-09-08,NA,NA,983,NA,NA,NA,NA,NA,NA
2005-09-11,29.1,8.679,952,NA,NA,NA,NA,NA,NA
2005-09-13,28.6,8.256,966,NA,NA,NA,NA,NA,NA
2005-09-15,NA,NA,977,NA,NA,NA,NA,NA,NA
2005-09-18,NA,NA,989,NA,NA,NA,NA,NA,NA
2005-09-20,27,8.319,995,NA,NA,NA,NA,NA,NA
2005-09-22,NA,NA,1069,NA,NA,NA,NA,NA,NA
2005-09-24,27.5,8.593,1035,NA,NA,NA,NA,NA,NA
2005-09-27,NA,NA,1023,NA,NA,NA,NA,NA,NA
2005-09-30,NA,NA,1049,NA,NA,NA,NA,NA,NA
2005-10-02,NA,NA,1036,NA,NA,NA,NA,NA,NA
2005-10-07,NA,NA,1038,NA,NA,NA,NA,NA,NA
2005-10-14,NA,NA,999,NA,NA,NA,NA,NA,NA
2005-10-16,NA,NA,1003,NA,NA,NA,NA,NA,NA
2005-10-20,NA,NA,1009,NA,NA,NA,NA,NA,NA
2005-10-28,NA,NA,1021,NA,NA,NA,NA,NA,NA
2006-06-09,30.4,9.32,1375,NA,NA,NA,NA,NA,NA
2006-06-16,28.2,9.314,1485,NA,NA,NA,NA,NA,NA
2006-06-23,30.6,9.45,1523,NA,NA,NA,NA,NA,NA
2006-06-30,29.6,9.439,1629,NA,NA,NA,NA,NA,NA
2006-07-08,29.2,NA,1647,NA,NA,NA,NA,NA,NA
2006-07-14,31.7,9.268,1775,NA,NA,NA,NA,NA,NA
2006-07-22,31.4,9.171,1798,NA,NA,NA,NA,NA,NA
2006-08-28,31.3,9.713,1826,NA,NA,NA,NA,NA,NA
2006-09-06,30,9.401,1235,NA,NA,NA,NA,10.2,NA
2006-10-06,26.1,NA,1070,NA,NA,NA,NA,NA,NA
2006-11-06,20.7,9.445,1296,NA,NA,NA,NA,NA,NA
2007-02-08,14.3,9.222,NA,NA,NA,NA,NA,NA,NA
2007-02-22,16.6,8.949,NA,NA,NA,NA,NA,NA,NA
2007-03-08,17.6,9.369,1027,NA,NA,NA,NA,NA,NA
2007-04-05,24.3,9.361,1090,NA,NA,NA,NA,NA,NA
2007-05-23,25.6,8.728,1603,NA,NA,NA,NA,NA,NA
2007-07-03,31,NA,NA,NA,NA,NA,NA,7.06,NA
2007-07-05,30.5,NA,NA,NA,NA,NA,NA,7.98,NA
2007-10-02,26,8.719,NA,NA,NA,NA,NA,7.5,NA
2007-10-04,27,8.823,NA,NA,NA,NA,NA,8.1,NA
2007-10-09,24.5,8.816,NA,NA,NA,NA,NA,8.23,NA
2007-10-11,24,8.768,NA,NA,NA,NA,NA,8.28,NA
2007-10-16,23,8.712,NA,NA,NA,NA,NA,8.06,NA
2007-10-18,23,8.692,NA,NA,NA,NA,NA,8.15,NA
2007-10-23,NA,8.664,NA,NA,NA,NA,NA,8.8,NA
2007-10-25,21.1,8.699,NA,NA,NA,NA,NA,8.43,NA
2007-10-30,21.6,8.721,NA,NA,NA,NA,NA,8.25,NA
2007-11-06,21,8.714,NA,NA,NA,NA,NA,NA,NA
2007-11-08,22.1,8.13,NA,NA,NA,NA,NA,9.23,NA
2007-11-13,21.5,8.672,NA,NA,NA,NA,NA,8.73,NA
2007-11-20,20.5,8.451,NA,NA,NA,NA,NA,7.26,NA
2007-11-27,17.1,8.407,NA,NA,NA,NA,NA,8.07,NA
2007-11-29,17,8.523,NA,NA,NA,NA,NA,9.27,NA
2008-01-24,NA,8.797,NA,NA,NA,NA,NA,11.18,NA
2008-01-29,NA,8.113,NA,NA,NA,NA,NA,9.77,NA
2008-01-30,NA,7.632,NA,NA,NA,NA,NA,NA,NA
2008-01-31,NA,8.012,NA,NA,NA,NA,NA,NA,NA
2008-02-01,NA,7.681,NA,NA,NA,NA,NA,9.04,NA
2008-02-02,NA,8.137,NA,NA,NA,NA,NA,10.5,NA
2008-02-03,NA,8.163,NA,NA,NA,NA,NA,7.9,NA
2008-02-04,NA,7.801,NA,NA,NA,NA,NA,9.3,NA
2008-02-05,NA,7.883,NA,NA,NA,NA,NA,10.45,NA
2008-02-06,NA,8.119,NA,NA,NA,NA,NA,6.27,NA
2008-02-07,NA,7.938,NA,NA,NA,NA,NA,10.52,NA
2008-02-08,NA,8.052,NA,NA,NA,NA,NA,7.74,NA
2008-02-09,NA,7.659,NA,NA,NA,NA,NA,9.83,NA
2008-02-10,NA,NA,NA,NA,NA,NA,NA,7.38,NA
2008-02-11,NA,NA,NA,NA,NA,NA,NA,7.5,NA
2008-02-12,NA,NA,NA,NA,NA,NA,NA,11,NA
2008-02-13,NA,NA,NA,NA,NA,NA,NA,7.21,NA
2008-02-15,NA,NA,NA,NA,NA,NA,NA,4.54,NA
2008-02-16,NA,NA,NA,NA,NA,NA,NA,10.13,NA
2008-02-17,NA,NA,NA,NA,NA,NA,NA,10.23,NA
2008-02-18,NA,NA,NA,NA,NA,NA,NA,7.95,NA
2008-02-19,NA,NA,NA,NA,NA,NA,NA,10.75,NA
2008-02-20,NA,NA,NA,NA,NA,NA,NA,9.15,NA
2008-02-23,15.9,NA,551,NA,NA,NA,NA,NA,NA
2008-02-25,14.7,NA,494,NA,NA,NA,NA,10.81,NA
2008-02-26,14.3,NA,465,NA,NA,NA,NA,10.45,NA
2008-02-28,13.8,NA,441,NA,NA,NA,NA,9.8,NA
2008-03-01,14.4,NA,424,NA,NA,NA,NA,9.73,NA
2008-03-03,14,NA,399,NA,NA,NA,NA,9.91,NA
2008-03-04,17.4,NA,394,NA,NA,NA,NA,10.1,NA
2008-03-06,13.6,NA,396,NA,NA,NA,NA,9.55,NA
2008-03-09,15.6,NA,413,NA,NA,NA,NA,13.73,NA
2008-03-15,17.4,NA,408,NA,NA,NA,NA,10.89,NA
2008-03-18,19.2,NA,380,NA,NA,NA,NA,12.17,NA
2008-03-20,16.5,NA,391,NA,NA,NA,NA,9.02,NA
2008-03-25,21.5,NA,345,NA,NA,NA,NA,12.19,NA
2008-03-27,20.1,NA,408,NA,NA,NA,NA,12.05,NA
2008-04-01,21.9,NA,414,NA,NA,NA,NA,15.03,NA
2008-04-03,21.3,NA,416,NA,NA,NA,NA,12.92,NA
2008-04-08,21,NA,437,NA,NA,NA,NA,7.58,NA
2008-04-10,19.8,NA,451,NA,NA,NA,NA,8.09,NA
2008-04-15,21.6,NA,509,NA,NA,NA,NA,10.18,NA
2008-04-24,23,NA,555,NA,NA,NA,NA,7.89,NA
2008-05-20,26.5,9.391,662,NA,NA,NA,NA,6.3,NA
2008-05-22,23.6,9.419,693,NA,NA,NA,NA,6.04,NA
2008-05-23,21.8,9.437,690,NA,NA,NA,NA,5.45,NA
2008-05-27,25,8.784,701,NA,NA,NA,NA,12.63,NA
2008-05-29,25.8,NA,694,NA,NA,NA,NA,10.75,NA
2008-06-03,27,NA,692,NA,NA,NA,NA,11.21,NA
2008-06-05,24.2,NA,709,NA,NA,NA,NA,7.02,NA
2008-06-10,28.5,NA,726,NA,NA,NA,NA,8.08,NA
2008-06-12,29.3,NA,742,NA,NA,NA,NA,6.48,NA
2008-06-17,30.1,9.099,756,NA,NA,NA,NA,6.4,NA
2008-06-19,29.1,9.203,764,NA,NA,NA,NA,5.35,NA
2008-06-25,30.5,9.135,760,NA,NA,NA,NA,4.57,NA
2008-06-27,29.4,9.175,766,NA,NA,NA,NA,9.04,NA
2008-06-30,31.7,9.22,762,NA,NA,NA,NA,8.69,NA
2008-07-01,31.1,9.109,772,NA,NA,NA,NA,9.46,NA
2008-07-02,30.8,9.1144,775,NA,NA,NA,NA,7.59,NA
2008-07-03,32.2,8.972,760,NA,NA,NA,NA,8.73,NA
2008-07-04,31.6,8.956,779,NA,NA,NA,NA,7.54,NA
2008-07-05,31.8,8.973,780,NA,NA,NA,NA,8.15,NA
2008-07-06,31.8,9.098,791,NA,NA,NA,NA,5.99,NA
2008-07-07,32.6,9.043,789,NA,NA,NA,NA,5.64,NA
2008-07-08,30.6,8.647,788,NA,NA,NA,NA,6.52,NA
2008-07-09,30.9,9.005,790,NA,NA,NA,NA,5.4,NA
2008-07-10,30.2,9.15,793,NA,NA,NA,NA,6.92,NA
2008-07-11,29.1,9.147,805,NA,NA,NA,NA,4.52,NA
2008-07-12,30,NA,792,NA,NA,NA,NA,6.92,NA
2008-07-14,28,NA,797,NA,NA,NA,NA,8.6,NA
2008-07-14,20.5,NA,789,NA,NA,NA,NA,7.52,NA
2008-07-15,31.8,NA,786,NA,NA,NA,NA,5.67,NA
2008-07-16,33.7,9.46,760,NA,NA,NA,NA,9.34,NA
2008-07-17,33.4,9.501,745,NA,NA,NA,NA,11.46,NA
2008-07-18,32.8,9.441,751,NA,NA,NA,NA,8.01,NA
2008-07-19,32,9.213,760,NA,NA,NA,NA,6.33,NA
2008-07-20,30.1,9.107,767,NA,NA,NA,NA,3.2,NA
2008-07-21,32.7,9.316,751,NA,NA,NA,NA,10.78,NA
2008-07-22,33.7,9.255,753,NA,NA,NA,NA,14.01,NA
2008-07-23,31.5,9.26,752,NA,NA,NA,NA,8.49,NA
2008-07-24,32.7,9.293,753,NA,NA,NA,NA,8.83,NA
2008-07-25,32.6,9.223,748,NA,NA,NA,NA,6.44,NA
2008-07-26,33.1,9.052,753,NA,NA,NA,NA,7.2,NA
2008-07-27,32,9.136,761,NA,NA,NA,NA,9.28,NA
2008-07-28,33.1,9.374,757,NA,NA,NA,NA,6.93,NA
2008-07-29,31.3,9.153,762,NA,NA,NA,NA,6.79,NA
2008-07-30,31.5,9.066,761,NA,NA,NA,NA,6.11,NA
2008-07-31,31.4,9.165,762,NA,NA,NA,NA,6.28,NA
2008-08-01,33,9.182,759,NA,NA,NA,NA,7.96,NA
2008-08-02,37.8,9.279,753,NA,NA,NA,NA,8.15,NA
2008-08-03,31.5,9.085,759,NA,NA,NA,NA,7.2,NA
2008-08-04,30.6,8.968,763,NA,NA,NA,NA,6.37,NA
2008-08-06,33.6,9.032,760,NA,NA,NA,NA,6.99,NA
2008-08-07,32.1,9.084,754,NA,NA,NA,NA,8.1,NA
2008-08-08,32.6,9.143,744,NA,NA,NA,NA,7.3,NA
2008-08-29,30.3,8.808,817,NA,NA,NA,NA,5.6,NA
2008-09-05,31.3,9.265,792,NA,NA,NA,NA,6.61,NA
2008-09-09,32.5,9.301,795,NA,NA,NA,NA,4.26,NA
2008-09-11,32.1,9.068,808,NA,NA,NA,NA,7.4,NA
2008-09-12,29.3,9.153,809,NA,NA,NA,NA,7.32,NA
2008-09-15,28.4,8.965,823,NA,NA,NA,NA,6.85,NA
2008-09-18,30.2,8.94,828,NA,NA,NA,NA,7.2,NA
2008-09-22,28.4,8.336,837,NA,NA,NA,NA,3.5,NA
2008-09-25,28,9.103,854,NA,NA,NA,NA,6.77,NA
2008-09-29,26.8,8.933,868,NA,NA,NA,NA,6.65,NA
2008-10-02,29.1,8.99,866,NA,NA,NA,NA,6,NA
2008-10-07,26.2,8.846,891,NA,NA,NA,NA,6.73,NA
2008-10-10,24.7,NA,855,NA,NA,NA,NA,3.25,NA
2008-10-14,20.6,8.786,895,NA,NA,NA,NA,5.42,NA
2008-10-16,21.7,8.711,887,NA,NA,NA,NA,4.75,NA
2008-10-24,23.8,9.02,896,NA,NA,NA,NA,7.44,NA
2008-10-29,21.9,9.118,912,NA,NA,NA,NA,6.35,NA
2008-11-01,21.6,8.915,NA,NA,NA,NA,NA,9.11,NA
2008-11-03,22.5,8.342,895,NA,NA,NA,NA,7.91,NA
2008-11-05,20.9,8.491,888,NA,NA,NA,NA,6.82,NA
2008-11-10,19.4,8.021,911,NA,NA,NA,NA,6.46,NA
2008-11-13,18.5,7.784,902,NA,NA,NA,NA,4.95,NA
2008-11-17,17.9,7.704,905,NA,NA,NA,NA,6.99,NA
2008-11-20,17.3,8.319,917,NA,NA,NA,NA,9.12,NA
2008-11-24,17.2,7.545,921,NA,NA,NA,NA,9.01,NA
2008-11-26,17,8.095,939,NA,NA,NA,NA,7.07,NA
2008-11-27,17,8.061,938,NA,NA,NA,NA,7.14,NA
2008-12-01,18.1,7.35,939,NA,NA,NA,NA,8.23,NA
2008-12-04,16.6,8.34,939,NA,NA,NA,NA,9.68,NA
2008-12-08,15.6,8.128,965,NA,NA,NA,NA,6.38,NA
2008-12-12,14.9,8.921,963,NA,NA,NA,NA,8.26,NA
2008-12-14,13.9,8.404,974,NA,NA,NA,NA,8.1,NA
2008-12-16,13.3,8.177,976,NA,NA,NA,NA,8.63,NA
2008-12-17,13.5,8.002,946,NA,NA,NA,NA,10.68,NA
2008-12-18,13.2,8.006,969,NA,NA,NA,NA,NA,NA
2008-12-23,12.5,8.392,981,NA,NA,NA,NA,8.98,NA
2008-12-25,12.5,8.3,979,NA,NA,NA,NA,9.78,NA
2008-12-26,12.4,NA,977,NA,NA,NA,NA,9.91,NA
2008-12-30,12.5,8.45,980,NA,NA,NA,NA,NA,NA
2009-01-02,12.3,8.521,989,NA,NA,NA,NA,10.82,NA
2009-01-06,12.7,8.711,988,NA,NA,NA,NA,11.51,NA
2009-01-08,11.6,8.569,993,NA,NA,NA,NA,NA,NA
2009-01-12,13.1,8.635,997,NA,NA,NA,NA,11.52,NA
2009-01-16,NA,8.615,948,NA,NA,NA,NA,9.8,NA
2009-01-20,14.1,8.718,999,NA,NA,NA,NA,10.5,NA
2009-01-22,14.4,8.888,987,NA,NA,NA,NA,12.8,NA
2009-01-26,15.1,9.171,986,NA,NA,NA,NA,10.51,NA
2009-01-30,13.7,8.721,1004,NA,NA,NA,NA,14.7,NA
2009-02-04,14.7,8.689,997,NA,NA,NA,NA,11.54,NA
2009-02-06,14,8.697,1005,NA,NA,NA,NA,10.07,NA
2009-02-09,14.4,8.63,995,NA,NA,NA,NA,9.83,NA
2009-02-10,13.8,8.665,1003,NA,NA,NA,NA,10.54,NA
2009-02-13,14.3,8.828,902,NA,NA,NA,NA,12.62,NA
2009-02-16,13.2,8.258,1015,36.5,NA,NA,NA,9.65,NA
2009-02-17,13.9,8.366,1029,NA,NA,NA,NA,9.79,NA
2009-02-20,14.4,8.3,1011,NA,NA,NA,NA,NA,NA
2009-02-23,19.8,8.833,981,NA,NA,NA,NA,11.24,NA
2009-02-27,18.6,9.121,990,NA,NA,NA,NA,18.25,NA
2009-03-05,18.8,9.102,993,NA,NA,NA,NA,15.53,NA
2009-03-10,19.8,8.587,1007,NA,NA,NA,NA,12.12,NA
2009-03-16,20.1,NA,1207,NA,NA,NA,NA,10.07,NA
2009-03-20,22,9.53,1005,NA,NA,NA,NA,16.14,NA
2009-03-23,19.4,8.913,1026,32.2,NA,NA,NA,NA,NA
2009-03-27,18.8,9.084,1033,33.6,NA,NA,NA,13.29,NA
2009-03-31,17.4,8.93,1039,30.1,NA,NA,NA,NA,NA
2009-04-03,19.3,9.153,1034,27.1,NA,NA,NA,17.63,NA
2009-04-07,18.9,9.934,1042,27.6,NA,NA,NA,15,NA
2009-04-12,21.1,8.344,1045,27.6,NA,NA,NA,10.22,NA
2009-04-14,21.5,9.155,1062,29,NA,NA,NA,16.25,NA
2009-04-17,19.5,8.749,1084,30.4,NA,NA,NA,12.56,NA
2009-04-21,29.7,9.038,1076,27.6,NA,NA,NA,15.35,NA
2009-04-24,23.6,8.985,1070,29.1,NA,NA,NA,14.9,NA
2009-04-28,24.4,8.938,1055,30.7,NA,NA,NA,16.68,NA
2009-05-05,24.5,9.176,1026,28.3,NA,NA,NA,11.73,NA
2009-05-07,26.1,8.8,1031,27.9,NA,NA,NA,9.04,NA
2009-05-12,27.5,9.016,1016,28,NA,NA,NA,10.78,NA
2009-05-21,26.1,8.417,1035,28.9,NA,NA,NA,NA,NA
2009-05-29,28.4,9.003,1024,29.3,NA,NA,NA,9.14,NA
2009-06-25,NA,9.178,1107,26.1,NA,NA,NA,16.53,NA
2009-06-30,29.9,NA,1010,24.5,NA,NA,NA,8.15,NA
2009-07-03,NA,9.714,1111,26.9,NA,NA,NA,7.72,NA
2009-07-07,NA,9.129,1114,24,NA,NA,NA,7.22,NA
2009-07-09,NA,9.042,1114,24.7,NA,NA,NA,6.48,NA
2009-07-14,31,9.054,1121,25.1,NA,NA,NA,4.69,NA
2009-07-17,NA,NA,1130,24.7,NA,NA,NA,3.7,NA
2009-07-21,30.5,8.902,1192,23.3,NA,NA,NA,4.15,NA
2009-07-24,30.2,9.019,1163,25,NA,NA,NA,4.41,NA
2009-07-29,31,9.039,1174,21.7,NA,NA,NA,4.37,NA
2009-08-01,30.3,9.067,1178,25.8,NA,NA,NA,4.89,NA
2009-08-04,30.7,8.863,1196,24,NA,NA,NA,2.73,NA
2009-08-06,29.9,8.765,1214,27,NA,NA,NA,3.62,NA
2009-08-10,28.9,8.882,1217,26.8,NA,NA,NA,3.6,NA
2009-08-13,29.2,8.823,1233,24.8,NA,NA,NA,3.38,NA
2009-08-18,29.3,8.923,1230,25.2,NA,NA,NA,5.11,NA
2009-08-21,29.4,8.866,1226,26.7,NA,NA,NA,1.88,NA
2009-08-28,29.9,NA,1235,23.9,NA,NA,NA,5.6,NA
2009-09-01,30.7,9.069,1242,25,NA,NA,NA,6.69,NA
2009-09-04,29.5,8.813,1240,26.5,NA,NA,NA,3.07,NA
2009-09-09,29,7.822,1231,26.5,NA,NA,NA,6.07,NA
2009-09-11,29,8.175,1229,30.3,NA,NA,NA,6.08,NA
2009-09-15,29,8.255,1243,26.6,NA,NA,NA,5.54,NA
2009-09-18,27.5,8.381,1249,29.7,NA,NA,NA,3.73,NA
2009-09-29,26,8.16,1242,30.4,NA,NA,NA,2.95,NA
2009-10-02,24.6,NA,1257,60,NA,NA,NA,4.26,NA
2009-10-06,23.3,NA,1259,30.2,NA,NA,NA,4.61,NA
2009-10-08,22.3,NA,1261,33.3,NA,NA,NA,5.15,NA
2009-10-16,NA,NA,1248,35.6,NA,NA,NA,5.52,NA
2009-10-23,21.7,9.47,NA,39.4,NA,NA,NA,8.56,NA
2009-10-30,NA,NA,NA,36.7,NA,NA,NA,NA,NA
2009-11-03,19.6,9,NA,NA,NA,NA,NA,8.9267,NA
2009-11-10,19.5,8.94,NA,26.3,NA,NA,NA,8.9447,NA
2009-11-15,19,8.86,NA,38,NA,NA,NA,9.0356,NA
2009-11-25,NA,NA,NA,35.5,NA,NA,NA,NA,NA
2009-12-04,14.1,8.55,1211,36.9,NA,NA,NA,10.0213,NA
2009-12-18,15.2,8.84,1262,38,NA,NA,NA,9.7839,NA
2009-12-23,NA,9.47,1265,38.8,NA,NA,NA,NA,NA
2009-12-30,11.1,8.86,1298,39.5,NA,NA,NA,10.7231,NA
2010-01-07,NA,9.2,1300,34.6,NA,NA,NA,NA,NA
2010-01-14,NA,8.87,1275,39.5,NA,NA,NA,NA,NA
2010-01-19,12.4,8.9,1309,39.4,NA,NA,NA,10.4087,NA
2010-01-26,11.8,8.1,796,37.6,NA,NA,NA,10.5518,NA
2010-01-29,NA,8.27,837,43.6,NA,NA,NA,NA,NA
2010-02-09,NA,8.9,901,39.4,NA,NA,NA,NA,NA
2010-02-12,13.8,8.45,785,40.1,NA,NA,NA,NA,NA
2010-02-23,13.8,8.87,654,37.1,NA,NA,NA,NA,NA
2010-03-02,13.9,8.25,NA,33.7,NA,NA,NA,NA,NA
2010-03-10,NA,7.12,674,35.9,NA,NA,NA,NA,NA
2010-03-16,14.3,NA,717,33.4,NA,NA,NA,NA,NA
2010-03-22,NA,NA,692,33,NA,NA,NA,NA,NA
2010-03-24,NA,4.04,665,33.8,NA,NA,NA,NA,"*pH meter problems-continual decrease"
2010-03-29,NA,NA,752,40.8,NA,NA,NA,NA,"*0.1600 Sulfuric acid for titration"
2010-03-31,NA,NA,679,41.1,NA,NA,NA,NA,"*pH meter E08 error code"
2010-04-01,17.7,8.65,727,37,NA,NA,NA,10.697,NA
2010-04-05,NA,NA,702,38,NA,NA,NA,NA,"*pH meter E08 error code"
2010-04-10,16.6,8.23,728,37,NA,NA,NA,1.6102,NA
2010-04-14,NA,NA,740,36.7,NA,NA,NA,NA,NA
2010-04-19,NA,10.54,903,NA,NA,NA,NA,NA,NA
2010-04-21,NA,8.21,905,40.3,NA,NA,NA,NA,NA
2010-04-23,19.5,9.2,917,35.8,NA,NA,NA,10.074,"*rained last night"
2010-04-26,NA,9.05,922,43.3,NA,NA,NA,NA,NA
2010-04-28,NA,NA,916,36.2,NA,NA,NA,NA,"*pH meter E08 error code"
2010-05-04,22.6,8.36,924,NA,NA,NA,NA,12.728,NA
2010-07-23,NA,NA,NA,NA,NA,NA,NA,NA,"*sediment sampling-2 days after 7/20/2010 dam break-lake is 5/6 empty"
2011-02-28,NA,NA,NA,NA,NA,NA,NA,NA,"Sub-sampled lake sediment samples"
2011-06-08,26,2,1083,NA,NA,NA,NA,NA,"*training Jesse Coe-meters not calibrated-temp. taken from pH meter"
2011-07-01,NA,NA,NA,NA,NA,NA,NA,NA,"*training Mark-no data"
2011-09-09,29.7,9.17,570,NA,NA,NA,NA,10.26,"*training Marissa and Zach-temp. taken from pH meter"
2011-09-13,28.4,9.31,NA,NA,NA,NA,NA,15.3923,"*temp taken from pH meter"
2011-09-16,28,9.2,1891,NA,NA,NA,NA,15.5922,NA
2011-09-20,27.5,9.1,NA,NA,NA,NA,NA,12.3398,"*Cond. Probe broken. Reading are bad until 10/18/2011 when old meter starts being used"
2011-09-23,27.5,8.98,NA,63,NA,NA,NA,9.48,"*1.6000 sulfuric acid used for titration"
2011-09-27,27.2,9.11,NA,62,NA,NA,NA,11.8579,NA
2011-09-30,27.3,9,NA,NA,NA,NA,NA,10.1436,"*no pink for titration"
2011-10-04,26.2,8.94,NA,52,NA,NA,NA,10.1088,NA
2011-10-07,23.8,9.1,NA,82,NA,NA,NA,11.7348,NA
2011-10-11,22.4,8.9,NA,79,NA,NA,NA,12.4958,NA
2011-10-14,22.9,8.88,1333,84,NA,NA,NA,13.244,"*Old cond. Meter used from his point"
2011-10-18,24.2,8.78,1335,84,NA,NA,NA,13.5492,NA
2011-10-21,23.2,8.65,1338,86,NA,NA,NA,12.9774,NA
2011-10-25,23.1,8.49,1327,79,NA,NA,NA,10.0706,NA
2011-10-28,21.9,8.49,1345,87,NA,NA,NA,9.8397,NA
2011-11-01,22.5,8.45,1337,75,NA,NA,NA,12.3926,NA
2011-11-04,20.2,8.95,1349,85,NA,NA,NA,9.5732,NA
2011-11-08,17.7,9.32,1318,NA,NA,NA,NA,11.609,"*alkalinity N/A"
2011-11-10,16.3,8.66,1345,94,NA,NA,NA,12.416,NA
2011-11-15,17.6,8.74,1353,90,NA,NA,NA,14.6395,NA
2011-11-18,16.8,8.61,1362,92,NA,NA,NA,15.2064,NA
2011-11-22,17,8.59,1343,90,NA,NA,NA,14.3232,NA
2011-11-29,15.8,8.54,1331,86,NA,NA,NA,13.9356,NA
2011-12-02,15,8.59,1315,81,NA,NA,NA,15.1601,NA
2011-12-06,13.3,9.08,1291,83,NA,NA,NA,13.6973,NA
2011-12-09,13.5,8.42,1326,83,NA,NA,NA,12.6315,NA
2011-12-14,12,8.3,1311,78,NA,NA,NA,10.1628,NA
2011-12-20,13.4,9.44,1309,80,NA,NA,NA,11.0968,NA
2011-12-27,11.6,9.27,1316,85,NA,NA,NA,13.2762,NA
2012-01-10,12.1,8.14,1284,106,NA,NA,NA,15.6492,"*new 1.6 sulfuric acid cartridge used for titration"
2012-01-13,11.9,9.34,1371,107,NA,NA,NA,14.5908,"*no IC sample taken today"
2012-01-17,12.1,8.11,1406,NA,NA,NA,NA,17.604,"*alkalinity information is N/A"
2012-01-20,12,9.44,1247,111.2,NA,NA,NA,18.1224,"*.16 sulfuric acid used for titration-pH/cond meters calibrated in lab"
2012-01-24,12.2,9.12,1231,91,NA,NA,NA,18.9108,"*1.6 sulfuric acid used"
2012-01-27,12.7,7.7,1140,91,NA,NA,NA,21.3893,NA
2012-01-31,12.5,9.11,1228,99,NA,NA,NA,NA,NA
2012-02-03,12.9,9.05,1193,97,NA,NA,NA,NA,NA
2012-02-07,13.2,9.4,1207,91,NA,NA,NA,NA,NA
2012-02-10,14.8,9.08,1189,75,NA,NA,NA,NA,NA
2012-02-14,NA,NA,NA,NA,NA,NA,NA,NA,"Lake is slightly wavy, moderate breeze, east to west. Sunny at sampling time, but cloudy most of the day"
2012-02-17,16.3,9.32,1180,87,NA,NA,NA,NA,NA
2012-02-21,14.3,8.22,1145,71,NA,NA,NA,NA,NA
2012-02-24,15.3,9.36,1148,82,NA,NA,NA,NA,NA
2012-02-28,15.7,9.48,1197,63,NA,NA,NA,17.4,"*DO is now measured in mg/L instead of %saturation"
2012-03-02,15.3,9.48,1203,90,NA,NA,NA,14.11,"*alkalinity trial 2 measurement taken"
2012-03-06,16,9.59,1203,100,NA,NA,NA,14.4,NA
2012-03-09,15.3,9.15,1212,109,NA,NA,NA,10.07,NA
2012-03-13,16.3,9.28,1209,92,NA,NA,NA,13.9,NA
2012-03-16,17.1,9.3,1199,114,NA,NA,NA,18.8,NA
2012-03-20,17.6,9.46,1207,91,NA,NA,NA,12.84,NA
2012-03-27,19.7,9.73,1204,84,NA,NA,NA,12.57,NA
2012-03-30,20.1,9.43,1212,84,NA,NA,NA,NA,"*DO probe was malfunctioning in the field today"
2012-04-03,18.8,9.31,1228,76,NA,NA,NA,2.19,NA
2012-04-06,20.6,8.6,1218,71,NA,NA,NA,NA,NA
2012-04-10,22.6,9.43,1211,82,NA,NA,NA,5.8,NA
2012-04-13,20.4,NA,1228,92,NA,NA,NA,NA,"*pH/DO meter won't turn on, alkalinity number is from pink"
2012-04-20,23.6,9.07,1156,75,NA,NA,NA,10.38,NA
2012-05-11,25.3,6.33,699,112,NA,NA,NA,9.57,NA
2012-05-15,26,8.76,693,80,NA,NA,NA,8.55,NA
2012-05-18,26,8.57,717,91,NA,NA,NA,2.69,"*DO meter never stablized"
2012-05-22,27,8.76,699,95,NA,NA,NA,1.149,"*DO meter never stablized"
2012-05-25,26,8.76,713,99,NA,NA,NA,6.7,NA
2012-05-29,25.5,8.5,713,99,NA,NA,NA,NA,"*DO meter never stablized"
2012-06-01,27.9,8.98,736,106,NA,NA,NA,NA,"*pH meter calibrated before sampling"
2012-06-05,27.2,8.7,711,93,NA,NA,NA,NA,NA
2012-06-08,27.5,9,717,84,NA,NA,NA,6.62,NA
2012-06-11,29,9,712,89,NA,NA,NA,NA,NA
2012-06-13,28.7,9.71,729,81,NA,NA,NA,10.27,NA
2012-06-15,28.4,8.94,722,81,NA,NA,NA,NA,"*DO meter read 0, something wrong"
2012-06-18,28.9,8.97,710,96,NA,NA,NA,NA,"*pH and Conductivity meters calibrated"
2012-06-20,28.5,8.78,718,78,NA,NA,NA,NA,NA
2012-06-22,30.1,9,727,86,NA,NA,NA,NA,NA
2012-06-26,32.2,9.06,725,77,NA,NA,NA,NA,NA
2012-06-27,31.5,8.84,715,77,NA,NA,NA,NA,NA
2012-06-29,34.2,9.01,700,76,NA,NA,NA,10.18,"*DO meter fixed, punctured membrane replaced"
2012-07-02,30.5,8.98,751,76,NA,NA,NA,9.15,NA
2012-07-03,30.4,8.9,733,75,NA,NA,NA,9.88,NA
2012-07-04,28.9,8.86,741,77,NA,NA,NA,7.44,"*Rained last night"
2012-07-05,28.8,8.7,684,78,NA,NA,NA,8.18,"*Rained last night"
2012-07-06,29,8.64,724,79,NA,NA,NA,8.86,NA
2012-07-09,31.1,8.75,717,100,NA,NA,NA,10.43,NA
2012-07-11,30.7,8.83,724,96,NA,NA,NA,11.44,NA
2012-07-12,30.6,8.87,724,98,NA,NA,NA,11.43,"*Rained last night"
2012-07-13,29.9,8.84,715,102,NA,NA,NA,6.96,"*Rained lightly last night and started to rain during sampling"
2012-07-14,29.4,8.88,717,98,NA,NA,NA,6.73,NA
2012-07-16,29.3,8.75,715,97,NA,NA,NA,7.73,NA
2012-07-18,29.7,8.89,722,97,NA,NA,NA,7.83,NA
2012-07-20,29.6,8.77,736,101,NA,NA,NA,5.52,NA
2012-07-22,30.3,8.86,729,96,NA,NA,NA,6.32,"*Slight rain yesterday with a very large dust storm"
2012-07-23,29.9,8.8,731,102,NA,NA,NA,7.75,NA
2012-07-25,32.2,8.86,739,102,NA,NA,NA,8.75,NA
2012-07-27,31.2,8.58,736,99,NA,NA,NA,8.38,NA
2012-07-29,29.4,8.87,NA,99,NA,NA,NA,6.23,"It's raining"
2012-07-30,29.9,9.11,742,99,NA,NA,NA,8.23,NA
2012-08-01,30.6,8.72,740,104,NA,NA,NA,8.4,NA
2012-08-03,32.2,9.01,753,99,NA,NA,NA,9.22,"Meters Calibrated today"
2012-08-06,32.2,8.74,740,103,NA,NA,NA,7.1,NA
2012-08-08,33.8,8.91,735,99,NA,NA,NA,9.03,NA
2012-08-10,33.2,8.73,754,105,NA,NA,NA,8.38,NA
2012-08-13,33.1,8.89,740,99,NA,NA,NA,9.78,NA
2012-08-15,31.7,8.7,740,101,NA,NA,NA,7.13,NA
2012-08-17,29.7,8.59,747,96,NA,NA,NA,6.1,"Rained 0.31in last night"
2012-08-20,31.9,8.96,748,96,NA,NA,NA,8.65,"Meters calibrated AFTER measurements"
2012-08-22,30.4,8.87,739,96,NA,NA,NA,7.13,NA
2012-08-23,29.6,8.78,745,98,NA,NA,NA,6.52,NA
2012-08-24,30.3,8.74,637,94,NA,NA,NA,8.44,NA
2012-08-27,31.7,8.88,605,98,NA,NA,NA,11.86,NA
2012-08-29,31.3,9.13,614,94,NA,NA,NA,10.93,NA
2012-08-31,31.1,8.92,638,93,NA,NA,NA,9.28,NA
2012-09-04,31,8.82,640,94,NA,NA,NA,8.48,NA
2012-09-05,30.6,8.82,653,98,NA,NA,NA,7.89,NA
2012-09-07,30.2,8.64,654,96,NA,NA,NA,6.85,"It rained during the night"
2012-09-10,28.5,8.52,646,95,NA,NA,NA,7.29,NA
2012-09-11,28.2,8.69,646,97,NA,NA,NA,6.13,"It rained last night"
2012-09-12,30.4,8.79,657,94,NA,NA,NA,7.66,NA
2012-09-14,27.7,8.7,640,NA,NA,NA,NA,7.35,"No alkalinity done today?"
2012-09-18,27.9,8.54,644,100,NA,NA,NA,9.09,NA
2012-09-20,28.5,8.76,595,87,NA,NA,NA,8.67,"Meters calibrated"
2012-09-21,27.9,8.86,639,100,NA,NA,NA,7.49,NA
2012-09-25,28.2,8.83,646,93,NA,NA,NA,8.44,"Triathalon over past weekend"
2012-09-27,26.8,8.7,649,96,NA,NA,NA,11.41,"Trash and grass at sample site"
2012-10-01,26.9,8.43,656,100,NA,NA,NA,9.18,"Lots of grass and leaves in water"
2012-10-03,26.7,8.24,660,99,NA,NA,NA,11.11,"Lots of grass at sample site"
2012-10-05,26,8.74,661,NA,NA,NA,NA,6.67,"Meter only"
2012-10-08,25.6,8.72,663,101,NA,NA,NA,10.9,NA
2012-10-11,25.3,8.63,668,101,NA,NA,NA,6.73,"Rained in the morning"
2012-10-15,26.2,6.19,947,105,NA,NA,NA,10.32,NA
2012-10-16,23.6,8.66,667,104,NA,NA,NA,7.03,NA
2012-10-19,23.7,7.6,1218,108,NA,NA,NA,9.56,"Grass and trash at sample site"
2012-10-22,23.2,8.81,1215,104,NA,NA,NA,6.71,NA
2012-10-26,21.7,8.83,1230,110,NA,NA,NA,8.31,"Grass and trash at sample site"
2012-10-30,20.8,8.85,1227,106,NA,NA,NA,6.96,NA
2012-11-02,NA,NA,NA,104,NA,NA,NA,NA,"meter in shop"
2012-11-05,NA,NA,NA,110,NA,NA,NA,NA,"meter in shop"
2012-11-09,NA,NA,NA,107,NA,NA,NA,NA,"meter in shop"
2012-11-13,NA,NA,NA,112,NA,NA,NA,NA,"meter in shop"
2012-11-16,NA,NA,NA,109,NA,NA,NA,NA,"meter in shop"
2012-11-19,NA,NA,NA,108,NA,NA,NA,NA,"meter in shop"
2012-11-21,NA,NA,NA,110,NA,NA,NA,NA,"meter in shop"
2012-11-26,NA,NA,NA,109,NA,NA,NA,NA,"meter in shop"
2012-11-30,NA,NA,NA,112,NA,NA,NA,NA,"meter in shop"
2012-12-04,NA,NA,NA,104,NA,NA,NA,NA,"meter in shop"
2012-12-07,NA,NA,NA,107,NA,NA,NA,NA,"meter in shop"
2012-12-10,NA,NA,NA,107,NA,NA,NA,NA,"meter in shop"
2012-12-26,12.2,8.55,301,130,NA,NA,NA,NA,"Meters calibrated"
2012-12-28,11.7,8.63,661,125,NA,NA,NA,NA,"Lots of floating grass near site"
2013-01-08,10.4,7.47,657,132,NA,NA,NA,6.34,"sunny, calm water, ducks near sampling site, *Calibrated meter AFTER measurement"
2013-01-11,10.4,8.49,647,136,NA,NA,NA,7.32,"sunny, windy, cold, debris near sampling site"
2013-01-14,9.5,8.57,651,128,NA,NA,NA,5.3,"sunny, windy, cold, freezing last night"
2013-01-18,10.1,8.35,660,124,NA,NA,NA,6.13,"sunny, very windy, no sus. sediment data"
2013-01-22,11.1,7.04,680,128,NA,NA,NA,6.09,"sunny, cold, a lot of waves on surface of lake"
2013-01-25,12.1,8.44,667,125,NA,NA,NA,2.54,"overcast, warming up, calm surface, DO meter not stabilizing, reading kept dropping below 1, *Meter calibrated AFTER measurement"
2013-01-28,13.8,7.97,579,123,NA,NA,NA,3,"rained a lot over last few days, sky is dark, cold breeze, surface of lake is wavy, *DO meter reading decreasing slowly"
2013-02-01,13.3,8.73,597,96,NA,NA,NA,14.99,"smooth, cool, smells of rotting fish, ducks, clear/calm weather"
2013-02-04,15.1,9.22,598,117,NA,NA,NA,9,"sunny, surface calm, grass near sampling site, dead fish, *DO meter reading decreasing continuosly"
2013-02-08,14.9,9.14,587,86,NA,NA,NA,5,"windy, sunny, duck near sampling site, *DO meter reading decreasing continuously"
2013-02-11,13.9,8.58,635,113,NA,NA,NA,3.86,"sunny, colder than normal, windy, rained a lot today, *DO meter reading decreasing continuously"
2013-02-15,13.8,8.6,601,118,NA,NA,NA,NA,"sunny, light wind, *DO meter broken"
2013-02-21,13.9,8.53,595,109,NA,NA,NA,NA,"sunny, rained/hailed yesterday, slight breeze, *DO meter broken"
2013-02-25,14.7,8.51,611,116,NA,NA,NA,NA,"sunny, slight breeze, debris near sampling site, *DO meter broken"
2013-03-01,15.3,8.45,616,100,NA,NA,NA,NA,"hot, sunny, lake is calm, *DO meter broken"
2013-03-04,16.2,8.73,615,118,NA,NA,NA,NA,"sunny, slight breeze, *DO meter broken"
2013-03-09,NA,NA,NA,NA,NA,NA,NA,NA,"no meter measurements, sus. Sed, or alk, water kit collected, rained a lot before sampling"
2013-03-18,19.5,8.6,613,123,NA,NA,NA,NA,"sunny, warm, grass near sampling site, *DO meter broken"
2013-03-21,21.9,8.48,612,113,NA,NA,NA,NA,"sunny, slight breeze, *DO meter broken"
2013-03-25,19.4,8.42,621,107,NA,NA,NA,NA,"sunny, debris near sampling site, *DO meter broken"
2013-04-08,22,8.83,617,103,NA,NA,NA,NA,"extremely windy, sunny, large waves on surface, *DO meter broken"
2013-04-11,19.9,7.97,632,109,NA,NA,NA,8.58,"moderately windy, small waves, sunny, clear sky"
2013-04-15,21.2,8.78,631,NA,NA,NA,NA,NA,"lake is calm & warm, 2L collected for B5 inoculum, no sus. Sed, alk, or DO reading"
2013-04-19,20.4,8.78,635,109,NA,NA,NA,8.36,"lake is calm, warm, sunny, some grass near sampling site"
2013-04-23,24.5,8.88,641,111,NA,NA,NA,NA,"hot, light breeze, low circulation, *no DO reading"
2013-04-26,23.5,8.65,645,107,NA,NA,NA,9.21,"hot, little water flow, slight wind"
2013-05-03,23.6,8.7,646,102,NA,NA,NA,7.68,"hot, lake is calm, sunny"
2013-05-07,23.5,8.5,640,106,NA,NA,NA,7.53,"hot, lake is calm, sunny"
2013-05-13,25.2,8.72,667,116,NA,NA,NA,8.6,"hot, lake is very calm, sunny with clear skies, a lot of mosquitoes at sampling site, *meters calibrated after this run"
2013-05-20,25.6,8.21,652,106,NA,NA,NA,8,"sunny, clear sky, lake is calm, grass and a lot of mosquitoes by sampling site"
2013-05-28,25.2,8.39,652,120,NA,NA,NA,6.3,"hot, sunny, a little overcast but not blocking out sun, a lot of debris at sampling site (leaves, grass, dead baby fish, dead fish about 5 meters from sampling site)"
2013-05-31,26.6,8.2,662,112,NA,NA,NA,7.01,"sunny, hot, lake is calm"
2013-06-03,27.6,8.48,659,120,NA,NA,NA,7.76,"hot, very breezy, surface of lake calm (tiny waves), clear sky, mosquitoes at sampling site"
2013-06-04,27.8,8.46,665,NA,NA,NA,NA,6.99,"hot, lake is calm, slight breeze, no alkalinity or sus. Sed"
2013-06-10,28.2,8.28,684,125,NA,NA,NA,6.94,"light breeze, few wisps of cloud (does not block out sun), lake has strong current, small waves, mosquitoes at sampling site"
2013-06-17,29,8.29,683,120,NA,NA,NA,4.53,"sunny, hot, no clouds, very light breeze, mosquitoes at sampling site, small waves on surface, fast current, *meters calibrated before this run"
2013-06-24,27.9,7.66,NA,114,NA,NA,NA,7.74,"breezy, small waves on surface, slow current, clouds in sky but not blocking out sun, no mosquitoes present at sampling site today, boat passed by when sampling, *conductivity probe in shop"
2013-06-28,30.7,8.1,707,121,NA,NA,NA,8.01,"calm, sunny, hot"
2013-07-01,30.6,8.12,694,120,NA,NA,NA,9.38,"calm, slow current, haboob last night. A lot of long leaves near sample site and small amount of ash. Lot of organic material at site, baby fish"
2013-07-04,31.4,8.1,701,130,NA,NA,NA,8.69,"hot, sunny, partly cloudy, strong current, wavy, some small amt of grass at sample site"
2013-07-08,31,8.14,704,112,NA,NA,NA,8.88,NA
2013-07-11,30.3,7.96,NA,132,NA,NA,NA,7.65,NA
2013-07-15,30.6,8.1,NA,95,NA,NA,NA,9.86,NA
2013-07-17,30.7,8.21,NA,122,NA,NA,NA,8.97,NA
2013-07-22,30.2,7.99,699,101,NA,NA,NA,7.19,"Really dirty from rain over weekend; construction behind sample site; hot, a few clouds, slow current, pretty calm"
2013-07-25,31.4,NA,1049,NA,NA,NA,NA,12.06,"It rained this morning (over 1inch). The lake is really murky and gross looking. We sampled at south shore boat tie up number 5 (not number 8). IQ meter conductivity and pH probes are broken so thermo conductivity meter was used instead"
2013-07-29,NA,NA,NA,NA,NA,NA,NA,NA,"It was hot. No meter measurements because there were no meters (meters with CO River field group). The water was calm, no clouds"
2013-08-02,NA,NA,NA,NA,NA,NA,NA,NA,"The lake is calm. There were some fishes at the boat dock. No meter readings were taken"
2013-08-05,30.2,8.87,1142,191,NA,NA,NA,8.03,"It is very windy and a little overcast; surface of the lake has big waves. The water is shallower than usual at sampling site. Meters used for readings: IQ for DO; Thermo for Cond.; Borrowed Beckman Coulter pH meter for pH"
2013-08-07,29,8.69,NA,115,NA,NA,NA,7,"The lake is moving, and there is a slight breeze. There was some rain yesterday. Sampled at boat dock 5 (Not boat dock 8). Beckman Coulter pH meter and IQ DO meter used"
2013-08-09,NA,NA,NA,112,NA,NA,NA,NA,"Hot, lake is calm, no meter measurements taken"
2013-08-12,30.1,NA,1163,108,NA,NA,NA,9.7,"Hot, sunny, lake is calm. Grass in lake at sample site"
2013-08-16,30.9,NA,NA,169,NA,NA,NA,9.89,"slight breeze; surface of the lake has a lot of small waves. There is a bit of debris and grass at sampling site; hot, a little overcast. Alkalinity measurement is questionable."
2013-08-19,30.1,NA,1173,103,NA,NA,NA,10.22,"hot, humid surface of lake is calm, overcast bery light"
2013-08-23,30.2,NA,1182,99,NA,NA,NA,11.73,"hot, sunny, breezy, no pH"
2013-08-28,29.2,NA,1189,102,NA,NA,NA,9.94,"hot, breezy, lake is wavy, grass at sample site"
2013-08-30,31.7,NA,1184,NA,NA,NA,NA,11.08,"hot, partly cloudy, grass at sample site"
2013-09-06,31.6,NA,1194,NA,NA,NA,NA,11.97,"hot, a light breeze, no clouds, surface of lake is calm"
2013-09-09,NA,NA,NA,NA,NA,NA,NA,NA,"Raining while sampling, Rained a lot this week. Cool, cloudy outside. NO METERS DUE TO RAIN!!"
2013-09-13,30.9,NA,1186,NA,NA,NA,NA,13.34,"Breezy, sunny, hot, partly cloudy, debris (grass particles, leaves) at sample site"
2013-09-20,30.9,NA,1187,NA,NA,NA,NA,8.04,"Breezy, sunny, lake level seems lower than usual, and water appears murkier. Surface of lake is calm"
2013-09-23,27.9,NA,1215,NA,NA,NA,NA,9.4,"warm, sunny, lake is calm"
2013-10-04,26.1,NA,1208,NA,NA,NA,NA,11.1,"Sunny, strong breeze, lake surface has high waves"
2013-10-15,21.7,8.91,636,NA,NA,NA,NA,8.48,"Sunny, lake is calm, a lot of grass and a large trash bag in the water. First time using new probe!!!!!"
2013-10-17,20.9,8.74,643,NA,NA,NA,NA,6.62,"Mild, clear skies, calm water, not a lot of debris at sample site"
2013-10-28,20.6,8.29,648,NA,NA,NA,NA,4.67,NA
2013-11-01,19.1,8.27,645,NA,NA,NA,NA,6.34,"clear skies, calm waters, no debris"
2013-11-14,18.6,8.68,639,NA,NA,NA,NA,7.45,"sunny, lake is calm"
2013-11-20,19.6,8.65,636,NA,NA,NA,NA,9.05,"Ironman on 11/17/2013. Cloudy, about to rain, calm waters"
2013-11-22,17.8,8.32,642,NA,NA,NA,NA,7.47,"raining, rained the day before"
2013-11-27,15.1,8.05,452,NA,NA,NA,NA,8.09,"Windy, cold, overcast"
2013-12-04,14.9,8.7,510,NA,NA,NA,NA,9.19,"Lots of waves, VERY windy with slight sprinkling. Overcast"
2013-12-06,13.4,8.61,496,NA,NA,NA,NA,9.01,"light wind, surface of lake is wavy, strong current, no clouds"
2013-12-12,12,8.52,509,NA,NA,NA,NA,7.95,"Windy, the lake is VERY WAVY, flowing west"
2013-12-16,13.3,8.44,520,NA,NA,NA,NA,7.22,NA
2013-12-20,12.9,8.5,514,NA,NA,NA,NA,7.6,"Rained a bit last night, cloudy, cool, lake is calm"
2013-12-26,12.1,8.61,498,NA,NA,NA,NA,8.67,"Cool, windy, lake is wavy. Sunny"
2013-12-30,12.8,8.71,511,NA,NA,NA,NA,9.47,"meters calibrated, sunny, cool, lake is calm"
2014-01-03,12.6,8.67,516,NA,NA,NA,NA,9.59,"sunny, cool, slight breeze"
2014-01-07,12.4,8.6,521,NA,NA,NA,NA,9.03,"sunny, cool, slight breeze"
2014-01-10,12.1,8.59,527,NA,NA,NA,NA,9.17,"cool, slight breeze, lake is calm"
2014-01-13,12.6,8.61,537,NA,NA,NA,NA,9.51,"cool, lake is very calm, a bit of debris at sample site"
2014-01-17,13.6,8.62,533,NA,NA,NA,NA,9.6,"sunny, warm, lake is calm"
2014-01-21,13.9,8.44,537,NA,NA,NA,NA,9.96,"sunny, warm, lake is calm, slight breeze"
2014-01-24,13.2,8.46,542,NA,NA,NA,NA,9.48,NA
2014-01-28,14.5,8.6,551,NA,NA,NA,NA,8.77,NA
2014-01-31,14.7,8.59,543,NA,NA,NA,NA,10.49,"overcast, lake not really moving. Aaron training day"
2014-02-04,13.3,8.66,547,NA,NA,NA,NA,9.65,"meters calibrated, cool, mostly sunny, slight breeze"
2014-02-07,13.6,8.57,546,NA,NA,NA,NA,9.86,"mostly sunny, but cloudy and cool all week"
2014-02-11,16,8.7,543,NA,NA,NA,NA,9.85,"sunny, warm, A LOT of trash (cigarettes, bottles, plastics) and glass at sample site today"
2014-02-14,16.1,8.6,552,NA,NA,NA,NA,10.34,"warm, sunny, lake is calm---no debris!!"
2014-02-17,17.2,8.61,566,NA,NA,NA,NA,9,"warm, sunny, lake is calm"
2014-02-21,17.8,7.76,575,NA,NA,NA,NA,3.15,"lake is calm, sunny, warm"
2014-02-26,17.6,8.7,556,NA,NA,NA,NA,8.9,"sunny, warm, lake is calm, a bit of debris in the lake near sampling site"
2014-02-28,17.9,8.65,584,NA,NA,NA,NA,8.81,"warm, partly cloudy, rain projected for TOMORROW!!"
2014-03-01,NA,NA,NA,NA,NA,NA,NA,NA,"Rained over the night, started raining right when Zach got to sample site. NO METER READINGS DUE TO RAIN"
2014-03-02,NA,NA,NA,NA,NA,NA,NA,NA,"rained a lot between today and yesterday. Cloudy, cool, slight breeze, lake level VERY HIGH. No meter data"
2014-03-04,18.3,8.69,522,NA,NA,NA,NA,7.15,"Quite a bit of stuff/debris/grass/trash floating near sample site. Cloudy, warmish"
2014-03-07,18.5,8.88,529,NA,NA,NA,NA,8.33,"warm, sunny, some grass/trash in water. Weird buoys along morth half of lake. Maybe a race?"
2014-03-13,19.3,8.61,547,NA,NA,NA,NA,7.53,"warm, sunny, lake is calm, clear"
2014-03-18,19.5,8.56,548,NA,NA,NA,NA,7.31,"warm, sunny, lot of grass and trash near sample site. Lake level seems lower than normal"
2014-03-21,19.4,8.51,553,NA,NA,NA,NA,9.6,"beautiful morning, warm, no clouds, a bit of grass near sample site"
2014-03-25,19.9,8.52,567,NA,NA,NA,NA,9.97,"warm, sunny, lake was clear calm and fairly clean"
2014-03-28,20,8.54,565,NA,NA,NA,NA,10.34,"the lake is extremely calm. There are dead fish in the water near the sample site"
2014-04-01,20.3,8.56,576,NA,NA,NA,NA,8.85,"lake is calm, sunny warm, lot of grass/trash in lake"
2014-04-04,20.3,7.63,579,NA,NA,NA,NA,9.33,"sunny, warm, lake is a bit wavy, rained a tiny bit this week"
2014-04-08,21,7.58,582,NA,NA,NA,NA,9.02,"warm, sunny, there was a triathalon this weekend"
2014-04-15,21.6,7.64,567,NA,NA,NA,NA,6.12,"warm, mostly sunny, dead fish on the sides. Somewhat dirty. A 'shallow water' bouy pole appeared today in water at sample site… pH was calibrated before sampling"
2014-04-18,22.4,7.64,576,NA,NA,NA,NA,7.74,"was sprinkling rain at sampling time. There was also a ridiculous amount of flies, that made sampling unpleasant.."
2014-04-22,26.1,7.74,570,NA,NA,NA,NA,9.18,"hot, sunny, construction has been going on ~2weeks on grassy area just south of site. Smelly dead fish are everywhere."
2014-04-25,23.3,8.53,575,NA,NA,NA,NA,8.68,"sunny, warm, construction still going on. Still a lot of flies, but no dead fish. Meter calibrated today"
2014-04-29,22,8.63,593,NA,NA,NA,NA,5.91,"sunny, warm, very windy. Lot of trash near sample site."
2014-05-02,21.3,8.51,588,NA,NA,NA,NA,3.8,"training Josh. Hot, lot os flies, dead fish"
2014-05-07,22.5,8.37,597,NA,NA,NA,NA,5.93,"sunny, breezy, lots of flies, construction near samplee site"
2014-05-09,23.3,8.6,565,NA,NA,NA,NA,6.45,"SUNNY, CALM, DEBRIS IN WATER"
2014-05-14,21.2,8.61,607,NA,NA,NA,NA,4.9,"sunny, windy"
2014-05-16,23.7,8.63,607,NA,NA,NA,NA,5.44,"lake is calm, lots of flying bugs, very murky"
2014-05-19,24.5,8.03,610,NA,NA,NA,NA,9.7,"lake is calm, sunny, low winds. Murky, lots of little green flying bugs"
2014-05-23,24.2,8.51,607,NA,NA,NA,NA,7.4,"slightly breezy, warm, sunny, smelly, lots of flies"
2014-05-27,26.6,8.53,638,NA,NA,NA,NA,9.46,"HOT! Smelly, water level low, flies"
2014-05-30,NA,NA,NA,NA,NA,NA,NA,NA,"warm, sunny, flies"
2014-06-06,NA,NA,NA,NA,NA,NA,NA,NA,"warm, sunny, a lot of debris at the surface of the water"
2014-06-09,28.6,0.98,633,NA,NA,NA,NA,10.44,"warm, calm, construction, no clouds,. Broken pH probe"
2014-06-13,29.2,NA,628,NA,NA,NA,NA,10.25,"warm, calm, low water, bugs. Broken pH probe"
2014-06-18,27.7,NA,656,NA,NA,NA,NA,5.36,"calm, hot, sunny, no clouds, bugs. Broken pH probe"
2014-06-23,28.4,NA,666,NA,NA,NA,NA,7.81,"calm, hot, no clouds, no bugs!!!"
2014-06-26,28.8,NA,697,NA,NA,NA,NA,8.1,NA
2014-07-01,30.2,NA,1017,NA,NA,NA,NA,NA,"Hot, sunny, lake is calm"
2014-07-03,NA,NA,NA,NA,NA,NA,NA,NA,"No meter measurements, only water sample. Conditions: Hot, sunny, humid, calm"
2014-07-08,30.2,NA,716,NA,NA,NA,NA,8.77,"Hot, sunny, humid, hot"
2014-07-09,30.3,NA,703,NA,NA,NA,NA,7.11,"Rained/dust storm last night. Cloudy, humid, calm waters, slight breeze"
2014-07-11,30.5,NA,711,NA,NA,NA,NA,NA,"windy and lake is wavy. Very humid, murky"
2014-07-14,29.8,NA,701,NA,NA,NA,NA,7.26,"The lake is moving, slight breeze. There was a bit of a downpour last night"
2014-07-16,30.8,NA,697,NA,NA,NA,NA,7.67,"the lake is calm, clear skies"
2014-07-18,NA,NA,725,NA,NA,NA,NA,7.48,NA
2014-07-21,30.2,NA,713,NA,NA,NA,NA,NA,"hot, cloudy, mild flow"
2014-07-23,31,NA,707,NA,NA,NA,NA,7.32,"lake is moving w breeze towards the west. Very hot"
2014-07-25,31.5,NA,724,NA,NA,NA,NA,8.6,"the lake is hot"
2014-07-28,30.1,NA,716,NA,NA,NA,NA,7.62,"very humid, forgot gloves today"
2014-07-30,31.4,NA,708,NA,NA,NA,NA,8.69,"it’s hot"
2014-08-01,30.4,NA,731,NA,NA,NA,NA,7.28,"cloudy and it looks like rain"
2014-08-04,30.1,NA,734,NA,NA,NA,NA,8.6,"hot , sunny, lake is calm. Sampled from 100m east of normal sample site because of construction workers"
2014-08-06,30.4,NA,737,NA,NA,NA,NA,9.09,"hot, sunny, sampled 100m east of normal sample site construction crew seemed to be pumping water into the lake…"
2014-08-12,29.8,NA,1390,NA,NA,NA,NA,NA,"tried to calibrate pH/DO probes yesterday, did not calibrate. Conductivity calibrated yesterday"
2014-08-13,30.1,NA,1382,NA,NA,NA,NA,NA,"hot, humid, rained a lot last night. Lots of trash, plant materal near site."
2014-08-15,30.4,NA,1380,NA,NA,NA,NA,NA,"hot, sunny lake is clear and calm"
2014-08-19,30.2,NA,1379,NA,NA,NA,NA,NA,"cloudy humid warm, rained last night/this morning."
2014-08-22,28.1,NA,1110,NA,NA,NA,NA,NA,"Cloudy, kind of cooler, been pretty rainy this week"
2014-08-26,29.2,NA,1192,NA,NA,NA,NA,NA,"sunny, hot, lake is calm but some grass in the water near sampling"
2014-09-02,29.6,NA,1216,NA,NA,NA,NA,NA,"sunny, hot some grass in lake near site"
2014-09-05,29.5,NA,1219,NA,NA,NA,NA,NA,"sunny, rained a little last night"
2014-09-09,26.8,NA,320,NA,NA,NA,NA,NA,"most rain in 100yrs happened yesterday (~4inches). Lake isBROWN. Very little visibility, looks like chocolate mil. I would estimate depth of visibility is ~6inches. Water levels high: about 3 inches below first concrete step."
2014-09-12,28.7,NA,337,NA,NA,NA,NA,NA,"warm, sunny, lake levels still high. Water still turbid but now a dark green brown color."
2014-09-16,29.2,NA,318,NA,NA,NA,NA,NA,"warm, mostly cloudy (may rain later). Water level still pretty high. Lake is a deep green color, with quite abit of grass/debris in water near site."
2014-09-19,28.7,NA,323,NA,NA,NA,NA,NA,"lake is a deep green color. Seems to have a lot of grean algae/plants living in it. Some grass/debris in water."
2014-09-24,29,NA,349,NA,NA,NA,NA,NA,"hot, sunny . I think there was a triathalon this weekend.  A lot of dead plant material in lake. Maybe mowed grass, but looks like aquatic plant material(looks brown, could be dead due to shocking the lake for triathalon."
2014-09-29,26.6,NA,426,NA,NA,NA,NA,NA,"Sunny, slighty warm(~80F) lake at sampling site has a film of grass/aquatic plant material covering it (brown/dead). The bottom concrete step has a thick layer (~3"") of plant/trash piled on it. A lot of rain on Saturday."
2014-10-02,25.1,8.78,258,NA,NA,NA,NA,8.9,"Clear, sunny, warm, lot of grass in sample site, wavy"
2014-10-08,24,NA,470,NA,NA,NA,NA,NA,"cloudy, overcast, calm water, a lot of grass at sample site"
2014-10-17,24,8.88,275,NA,NA,NA,NA,NA,"cloudy, overcast, cool, lake has green stuff on surface"
2014-10-21,25.6,7.23,489,NA,NA,NA,NA,NA,NA
2014-10-27,26.6,8.8,532,NA,NA,NA,NA,NA,"sunny, calm but murky water, lot of grass and mosquitoes"
2014-10-30,23.6,8.51,596,NA,NA,NA,NA,NA,"No grass, Partly Cloudy, warm outside"
2014-11-03,23,8.68,569,NA,NA,NA,NA,NA,"Cool, windy, no grass,"
2014-11-06,20.8,8.37,637,NA,NA,NA,NA,NA,"Clear skies, slight wind, very green but little grass lot of debris"
2014-11-10,21.6,8.33,590,NA,NA,NA,NA,NA,"Green water, mossy shrubs brought in, calm water"
2014-11-13,20.6,8.27,625,NA,NA,NA,NA,NA,"Green and calm water, mossy shrubs"
2014-11-17,18.6,8.35,676,NA,NA,NA,NA,NA,"wavy water, green little debris, clear skies"
2014-11-22,17.9,8.23,678,NA,NA,NA,NA,NA,"calm water, ripply surface, lighter green, ducks everywhere"
2014-12-01,15.7,8.5,701,NA,NA,NA,NA,NA,"Calm, cloudy greenish-gray color"
2014-12-04,17,8.51,692,NA,NA,NA,NA,NA,"Rained that day, higher waters, lot of grass and debris. Winds blowing eastward"
2014-12-11,18.3,8.38,778,NA,NA,NA,NA,NA,"Calm water, very green. Little to no debris. Sunny"
2014-12-17,16,8.46,747,NA,NA,NA,NA,NA,"Green,Calm, Just rained a little, mossy shrubs and grass in water"
2015-01-10,13.3,8.32,795,NA,NA,NA,NA,NA,"Green, calm, very light drizzle earlier. Cloudy"
2015-01-12,14.7,8.35,785,NA,NA,NA,NA,NA,"Calm green waters, mostly cloudy, rained last night + morning"
2015-01-16,15.1,8.23,818,NA,NA,NA,NA,NA,"Low water (below last step). Calm, green clear skies, algae"
2015-01-20,NA,NA,NA,NA,NA,NA,NA,NA,"Missing ph, cond, temp data (forgot to record) Low water, many ducks, green, calm clear skies"
2015-01-22,14.8,8.35,893,NA,NA,NA,NA,NA,"Clear sky, windy. water low and green"
2015-01-26,17.6,8.44,816,NA,NA,NA,NA,NA,"Temp measurement taken in lab** Very low water. green cloudy. maybe rain?"
2015-01-28,15.3,7.96,897,NA,NA,NA,NA,NA,"Low water, raining"
2015-02-02,17,8.37,800,NA,NA,NA,NA,NA,"Green lake, low water slight wind going east"
2015-02-04,16.9,8.36,448,NA,NA,NA,NA,NA,NA
2015-02-06,NA,NA,NA,NA,NA,NA,NA,NA,"Calm, Clear skies, green water. Beauiful Day!!!"
2015-02-09,20.6,8.19,937,NA,NA,NA,NA,NA,"Murky, green clam, ripples flowing eastward, Warm day"
2015-03-05,19.5,8.65,393,NA,NA,NA,NA,NA,"Green murky, water, garbage, ducks, warm sunny clear skies"
2015-03-20,15,8.24,492,NA,NA,NA,NA,NA,"green murky water, rained last night, warm and sunny"
2015-03-30,26.5,8.28,953,NA,NA,NA,NA,NA,"Lake was calm, green, lot of shrubs on bottom step. Clear skies"
2015-04-01,17,8.16,472,NA,NA,NA,NA,NA,NA
2015-04-09,22.8,8.32,473,NA,NA,NA,NA,NA,"Warm, calm, clear skies"
2015-05-08,24.1,8.33,543,NA,NA,NA,NA,NA,"Warm, calm water, light rain, high water"
2015-05-15,23.9,8.27,588,NA,NA,NA,NA,NA,"Overcast, cool, high water"
2015-06-10,28.1,8.08,643,NA,NA,NA,NA,NA,"Sunny, hot, scattered clouds, high water"
2015-07-13,32.2,7.97,575,NA,NA,NA,NA,NA,"Hot, sunny"
2015-07-21,31.1,8.64,583,NA,NA,NA,NA,NA,"Hot, sunny"
2015-08-03,30.9,8.36,684,NA,NA,NA,NA,NA,"Bright, hot, blank taken"
2015-08-18,31.3,8.17,706,NA,NA,NA,NA,NA,"Clear skies, slight breeze"
2015-09-01,30.1,8.19,720,NA,NA,NA,NA,NA,"Hot, high water, lots of debris from storm previous night"
2015-09-03,31.5,8.15,726,NA,NA,NA,NA,NA,"Warm, clear skies"
2015-09-13,31.3,8.37,712,NA,NA,NA,NA,NA,"Warm, clear skies"
2015-09-16,29.4,8.44,1248,NA,NA,NA,NA,NA,"Sunny, hot, still water, high water level"
2015-10-02,27.7,8.32,717,NA,NA,NA,NA,NA,"Sunny, warm, still water, blank taken"
2015-10-06,25.5,8.06,1027,NA,NA,NA,NA,7.79,"Some clouds, cool, light breeze"
2015-10-09,24.6,8.46,720,NA,NA,NA,NA,8.22,"No clouds, cool, light breeze"
2015-10-20,24.7,8.46,1283,NA,NA,NA,NA,7.55,"Cool, mild breeze. Car drove into lake and 4 people died 2 days prior"
2015-10-23,23.3,8.42,1206,NA,NA,NA,NA,2.32,"Cool, mild breeze"
2015-10-30,22.1,8.34,1189,NA,NA,NA,NA,8.06,"Cool, mild breeze, fast current, some clouds, rained night prior, foamy stuff in lake"
2015-11-04,20.5,8.44,686,NA,NA,NA,NA,8.53,"Cool, breeze, cloudy, rain earlier that day"
2015-11-06,19.3,8.15,1115,NA,NA,NA,NA,2.6,"Calm, sunny, cool, construction"
2015-11-13,18.4,8.51,1099,NA,NA,NA,NA,2.34,"Sunny, cool, light current, blank taken"
2015-11-16,16.7,7.93,1096,NA,NA,NA,NA,8.8,"Strong wind, dark clouds, high water, DUCKS"
2015-11-20,NA,8.76,1101,NA,NA,NA,NA,9.67,"Calm water, clear skies"
2015-12-04,13.8,8.8,1057,NA,NA,NA,NA,8.78,"Blank taken"
2015-12-15,13.6,8.6,1087,NA,NA,NA,NA,8.76,NA
2015-12-18,12.5,8.8,NA,NA,NA,NA,NA,7.99,"Clear skies, fairly strong current, construction, cool but sunny"
2015-12-22,11.3,8.46,NA,NA,NA,NA,NA,8.07,"Cloudy, cold, windy, strong current"
2015-12-29,11.2,8.93,NA,NA,NA,NA,NA,7.76,"Sunny, some high clouds, windy, very cool, strong current going eastward"
2016-01-01,12.3,8.3,1153,NA,NA,NA,NA,8.13,"Sunny, no clouds, hazy, no current, cool outside"
2016-01-06,NA,NA,NA,NA,NA,NA,NA,NA,"Meter unavailable; overcast, good breeze, cool"
2016-01-08,13.1,7.405,1012,NA,NA,NA,NA,0.65,"Cloudy, cool breeze, strong current, rained for the past couple days, but not today. Very dirty water"
2016-01-15,11.6,8.273,NA,NA,NA,NA,NA,9.48,"Cloudy, overcast, cool, slight current, small breeze"
2016-01-22,12.6,8.279,1053,NA,NA,NA,NA,5.41,"Sunny, slight breeze, slight current, cool outside"
2016-01-28,NA,NA,1024,NA,NA,NA,NA,9.56,"Sunny, clear skies, slight breeze"
2016-02-03,11.4,8.794,1064,NA,NA,NA,NA,16.6,"sunny, cool, low water level, slight breeze"
2016-02-05,12.2,8.884,1042,NA,NA,NA,NA,11.34,"Sunny, cool, slight breeze, slight current, no clouds"
2016-02-08,12,8.722,1133,NA,NA,NA,NA,11.48,"Sunny, windy, no clouds, slight current"
2016-02-11,15.5,8.477,1144,NA,NA,NA,NA,10.55,"Clear skies, warm, no current, no breeze"
2016-02-17,16.6,NA,NA,NA,NA,NA,NA,NA,"Water level too low to sample; clear skies, warm breeze, strong current westward"
2016-02-26,NA,NA,NA,NA,NA,NA,NA,NA,"Unable to collect samples due to drainage; smells fishy, warm, no clouds, no breeze"
2016-04-29,22.9,8.44,1549,NA,NA,NA,NA,9.78,"Windy, very strong current east, water refilled, partial clouds, very warm"
2016-05-03,NA,8.596,1510,NA,NA,NA,NA,NA,NA
2016-05-06,23,8.512,1584,NA,NA,NA,NA,9.85,"Sunny, windy"
2016-05-10,23.5,8.689,1691,NA,NA,NA,NA,8.35,"Clear, calm"
2016-05-13,25.9,8.573,1682,NA,NA,NA,NA,8.573,"Hot, sunny, calm"
2016-05-17,25.2,8.591,1427,NA,NA,NA,NA,9.04,"Partly cloudy, calm"
2016-05-20,24.9,8.656,1692,NA,NA,NA,NA,11.2,"Sunny, light breeze"
2016-05-24,24.5,8.601,1674,NA,NA,NA,NA,8.57,"Clear, calm"
2016-05-27,24.4,8.649,1673,NA,NA,NA,NA,9.9,"Sunny, calm"
2016-06-02,26.3,8.539,1535,NA,NA,NA,NA,9.3,"Hot, calm, sunny"
2016-06-05,27.8,8.521,1527,NA,NA,NA,NA,8.52,"Calm, clear"
2016-06-10,27.6,8.486,1521,NA,NA,NA,NA,7.82,"Slightly cloudy, breeze high water level"
2016-06-14,27.6,8.535,1653,NA,NA,NA,NA,7.4,"Calm, clear"
2016-06-17,28,8.502,1645,NA,NA,NA,NA,8.2,"Hot, sunny, calm, high water"
2016-06-21,28.8,8.585,1658,NA,NA,NA,NA,7.7,"Hot, sunny, slight breeze"
2016-06-24,30.1,8.597,1692,NA,NA,NA,NA,7.26,"Very calm, hot, sunny"
2016-06-27,30.4,8.643,1674,NA,NA,NA,NA,8.65,"Overcast, calm"
2016-07-01,29.3,8.519,1685,NA,NA,NA,NA,6.96,"Windy, cloudy, high water, rain past 2 days"
2016-07-04,30.7,8.667,1698,NA,NA,NA,NA,6.89,"Clear, calm"
2016-07-07,29.8,8.376,1671,NA,NA,NA,NA,6.55,"Sunny, calm"
2016-07-12,30.1,8.455,1735,NA,NA,NA,NA,5.75,"Clear, calm"
2016-07-14,30.9,8.313,1646,NA,NA,NA,NA,6.63,"Clear, calm"
2016-07-19,30.6,8.55,1654,NA,NA,NA,NA,6.19,"Clear, calm"
2016-07-22,31.5,8.615,1661,NA,NA,NA,NA,7.3,"Clear, slight breeze"
2016-07-26,31.1,8.596,1665,NA,NA,NA,NA,6.41,"Partly cloudy, calm"
2016-07-29,31.9,8.394,1663,NA,NA,NA,NA,6.51,"Partly cloudy, breeze"
2016-08-01,30.2,8.619,1650,NA,NA,NA,NA,5.54,"cloudy, slight breeze"
2016-08-05,30.1,8.706,1579,NA,NA,NA,NA,6.88,"Raining on and off, very high water level"
2016-08-08,31.7,9.201,1179,NA,NA,NA,NA,11.08,"Calm, clear, debris in water"
2016-08-13,32.7,9.064,1174,NA,NA,NA,NA,8.66,"clear, calm, debris in water"
2016-08-15,31,8.983,1195,NA,NA,NA,NA,7.3,"Clear, breezy, water high"
2016-08-19,29.9,8.777,1210,NA,NA,NA,NA,4.98,"Clear, sunny, high water"
2016-08-22,29.5,8.899,1263,NA,NA,NA,NA,5.08,"Clear, breezy"
2016-08-26,29,8.923,1230,NA,NA,NA,NA,6.2,"Windy, sunny, choppy waves"
2016-08-29,30.8,8.746,1291,NA,NA,NA,NA,7.2,"No clouds, hot, slight breeze, small current"
2016-09-02,30.1,8.587,1304,NA,NA,NA,NA,5.85,"Sunny, no clouds, hot, fish at surface, current, slight breeze"
2016-09-04,30.1,8.569,1248,NA,NA,NA,NA,6.89,"Clear, breezy"
2016-09-09,30.5,8.55,1262,NA,NA,NA,NA,6.03,"Hot, clear sky, few clouds, little recreation, calm, current flowing east"
2016-09-14,27.8,8.491,1284,NA,NA,NA,NA,5.82,"Hot, clear sky, green water, slight breeze, light current westbound"
2016-09-16,27.6,8.494,1318,NA,NA,NA,NA,6.08,"No clouds, hot, lots of recreation, water movement but no direct current"
2016-09-19,26.9,8.543,1378,NA,NA,NA,NA,6.38,"Cloudy, overcast, hot, no direct current, construction, airplanes, low sediment, lots of bugs"
2016-09-23,26,8.499,1224,NA,NA,NA,NA,7.75,"Hazy, rained last night, strong east current, cloudy"
2016-09-27,24.4,8.52,1307,NA,NA,NA,NA,7.62,"Very cloudy, scattered rain, windy, flowing west"
2016-09-30,25.6,8.555,1279,NA,NA,NA,NA,8.24,"Warm, current to the west, slight breeze, few clouds, rained yesterday"
2016-10-05,24.4,8.472,1461,NA,NA,NA,NA,7.95,"Warm, clear sky, steady current to west"
2016-10-07,24.3,8.378,1305,NA,NA,NA,NA,7.7,"Slight breeze, current to the west, clear skies, warm"
2016-10-14,24.3,8.464,1281,NA,NA,NA,NA,8.36,"Clear, slight breeze"
2016-10-21,23.8,8.432,1296,NA,NA,NA,NA,8.6,"Breezy, lots of waves, strong current west, sunny, warm, high water level"
2016-10-26,25.2,8.466,1334,NA,NA,NA,NA,9.19,"Hot, mixed currents, few clouds, ducks, mosquitos"
2016-10-28,24.7,NA,NA,NA,NA,NA,NA,9.53,"Humid, cloudy, slight breeze, slow current to east"
2016-11-01,24.7,8.553,1378,NA,NA,NA,NA,9.72,"Clear sky, slight breeze, current flowing east, no humidity"
2016-11-04,23.5,8.422,1288,NA,NA,NA,NA,8.39,"Rained last night, warm, few clouds, slight breeze"
2016-11-08,22.2,8.481,1371,NA,NA,NA,NA,9.35,"Windy, fast current westward, clear skies, warm"
2016-11-15,22.3,8.464,1884,NA,NA,NA,NA,8.56,"Clear skies, slow eastward current, recreation, slight breeze"
2016-11-18,19,8.296,1305,NA,NA,NA,NA,8.67,NA
2016-11-28,16.5,8.308,1295,NA,NA,NA,NA,9.01,"Cold, cloudy, ducks, slight breeze, rained yesterday, steady westward current, recreation"
2016-12-02,15.1,8.244,1314,NA,NA,NA,NA,8.65,"Partly cloudy, warm, slight wind, water level high"
2016-12-09,14.5,8.55,1260,NA,NA,NA,NA,8.82,"Cool, clear skies, calm water"
2016-12-16,16.4,8.56,1268,NA,NA,NA,NA,10.96,"Cloudy, rained last night, water is clear, slight wind"
2017-01-20,13.6,NA,1277,NA,NA,NA,NA,NA,"Meter had low battery; windy, light rainfall, westward flow, low water level, cloudy,"
2017-01-27,12.9,8.17,1318,NA,NA,NA,NA,8.62,"Windy, cold, lot's of sediment, debris, wood pieces, ducks, construction"
2017-02-08,14.2,8.36,1302,NA,NA,NA,NA,11.04,"breezy, current flow west, water higher than usual, sunny, no clouds, cool"
2017-02-10,17.9,8.88,1263,NA,NA,NA,NA,14.66,"No wind, clouds"
2017-02-15,17.3,8.6,1280,NA,NA,NA,NA,10.45,"Sunny, cool, current flow west, slight breeze"
2017-02-16,16.1,8.46,1176,NA,NA,NA,NA,9.35,"Sunny, high water level, current flow W, lots of wood pieces, recreation and construction"
2017-02-21,17.3,8.39,509,NA,NA,NA,NA,10.17,"Few clouds, no breeze, sunny, current flowing east"
2017-02-23,14.9,NA,NA,NA,NA,NA,NA,3.38,"No clouds, wind and fast current eastbound, high water level"
2017-03-01,14.3,7.88,403,NA,NA,NA,NA,9.33,"No clouds, dirty water (brown), trash everywhere, rained last night, slight breeze, current flowing west"
2017-03-07,15.9,8.43,744,NA,NA,NA,NA,9.95,"No clouds, WB current and breeze, lower water level, wooden debris, trash (plastic and styrofoam)"
2017-03-09,24.1,8.88,521,NA,NA,NA,NA,15.51,"High water level, EB current, few clouds, green water,"
2017-03-16,19.2,8.92,382,NA,NA,NA,NA,12.66,"High water level, WB current, breeze, recreation, no clouds"
2017-03-21,24.8,9.21,407,NA,NA,NA,NA,15.73,"High water level, current, slight flow west, no breeze, hot, water very green"
2017-03-24,19.6,8.93,376,NA,NA,NA,NA,8.65,"WB current, slight breeze, rained yesterday, no clouds, construction, plastic bags in water"
2017-03-29,21,8.99,400,NA,NA,NA,NA,10,"Current flow east, breezy, sunny, clear water"
2017-03-30,20.4,8.95,412,NA,NA,NA,NA,9.14,"Current flow west, few clouds, recreation, slight breeze, construction to the South"
2017-04-04,21.1,9.28,448,NA,NA,NA,NA,12.83,"Breeze, sunny, cooler, some clouds, lower water level"
2017-04-06,20.6,9.05,444,NA,NA,NA,NA,11.28,"No clouds, current and breeze W, green water, no construction, recreation"
2017-04-12,26,9.53,549,NA,NA,NA,NA,8.11,"Hot, current flow east, slightly breezy, no clouds"
2017-04-13,21.3,9.22,517,NA,NA,NA,NA,12.32,"flow west, breeze, water is green, high water level"
2017-04-19,26.6,9.3,556,NA,NA,NA,NA,13.49,"hot, slight breeze, current flow east, no clouds, hot!!!"
2017-04-21,24.4,9.3,566,NA,NA,NA,NA,13.64,"hot, windy, east current, green water, few clouds"
2017-04-27,24.6,9.06,557,NA,NA,NA,NA,8.55,"hot, relatively still water, shallow, cloudy"
2017-05-18,25.3,8.93,631,NA,NA,NA,NA,8.93,"clear, breezy"
2017-05-23,28,9.01,638,NA,NA,NA,NA,12.04,"hot, sunny, calm, lots of algae"
2017-05-30,28.5,8.91,667,NA,NA,NA,NA,12.56,"calm, lots of bugs, sunny"
2017-06-01,26.8,8.83,648,NA,NA,NA,NA,10.28,"sunny, clear, calm"
2017-06-06,28.8,8.87,697,NA,NA,NA,NA,9.1,"sunny, partly cloudy, calm"
2017-06-09,28.2,8.73,717,NA,NA,NA,NA,7.93,"sunny, clear, calm"
2017-06-23,31,8.81,760,NA,NA,NA,NA,9.4,"sunny, clear, breezy"
2017-07-06,30.8,8.71,841,NA,NA,NA,NA,7.29,"sunny, partly cloudy, slightly breezy"
2017-07-10,30.8,8.79,847,NA,NA,NA,NA,7.62,"sunny, partly cloudy, breezy"
2017-07-25,29.9,8.53,889,NA,NA,NA,NA,7.1,"mostly cloudy, breezy, high water level"
2017-07-29,30.5,8.6,909,NA,NA,NA,NA,7.37,"mostly cloudy, slightly breezy"
2017-07-31,31.1,8.54,906,NA,NA,NA,NA,6.57,"partly cloudy, slight breeze"
2017-08-04,32.3,8.54,856,NA,NA,NA,NA,7.77,"sunny, slight wind, NO FILTERED WATER SAMPLE"
2017-08-25,31.3,8.77,877,NA,NA,NA,NA,9.05,NA
2017-09-08,30.2,8.5,932,NA,NA,NA,NA,7.21,"No filtered water sample"
2017-09-22,27.8,8.31,990,NA,NA,NA,NA,7.33,"No filtered water sample"
2017-09-26,26.4,8.64,1006,NA,NA,NA,NA,9.05,"Partially cloudy, calm water"
2017-09-29,25.5,8.16,1030,NA,NA,NA,NA,9.38,"Sunny, slight breeze, hot"
2017-10-02,26.6,8.51,1014,NA,NA,NA,NA,8.87,"Hot, sunny, breezy"
2017-10-06,25.9,8.64,1043,NA,NA,NA,NA,8.97,"Sunny, slight breeze, FILTERED 3 DAYS AFTER"
2017-10-16,23.4,8.61,1060,NA,NA,NA,NA,8.25,"Hot, sunny, breezy"
2017-10-20,24.4,8.56,1070,NA,NA,NA,NA,8.83,"Hot, sunny, clear, DUCKS"
2017-10-24,23.4,8.66,1110,NA,NA,NA,NA,9.93,"Sunny, blowy as fuck, dusty, waves"
2017-10-27,23.7,8.4,1103,NA,NA,NA,NA,10.56,"sunny, calm water"
2017-10-31,22.1,8.29,1193,NA,NA,NA,NA,9.15,"overcast, cool, breezy"
2017-11-03,22.1,8.37,1207,NA,NA,NA,NA,10.37,"Some clouds, warm, calm"
2017-11-06,21.4,8.44,1200,NA,NA,NA,NA,11.07,"warm, sunny, slight breeze, some waves"
2017-11-10,21.3,8.74,1188,NA,NA,NA,NA,10.72,"sunny, warm, light breeze"
2017-11-14,20.9,8.53,1167,NA,NA,NA,NA,12.34,"sunny, calm"
2017-11-17,20.9,8.52,1165,NA,NA,NA,NA,12.1,"warm, overcast, rain in distance"
2017-11-22,NA,8.83,NA,NA,NA,NA,NA,13.27,"cool, sunny, clear, calm. forgot? to take conductivity apparently"
